Start Time,Duration,Run ID,Name,Source Type,Source Name,User,Status,C,_name_or_path,adafactor,adam_beta1,adam_beta2,adam_epsilon,add_cross_attention,architectures,attention_probs_dropout_prob,auto_find_batch_size,bad_words_ids,base_score,begin_suppress_tokens,bf16,bf16_full_eval,booster,bootstrap,bos_token_id,callbacks,ccp_alpha,chunk_size_feed_forward,class_weight,classifier_dropout,colsample_bylevel,colsample_bynode,colsample_bytree,criterion,cross_attention_hidden_size,data_name,data_seed,dataloader_drop_last,dataloader_num_workers,dataloader_pin_memory,ddp_backend,ddp_broadcast_buffers,ddp_bucket_cap_mb,ddp_find_unused_parameters,ddp_timeout,debug,decoder_start_token_id,deepspeed,device,disable_tqdm,dispatch_batches,diversity_penalty,do_eval,do_predict,do_sample,do_train,dual,early_stopping,early_stopping_rounds,enable_categorical,encoder_no_repeat_ngram_size,eos_token_id,eval_accumulation_steps,eval_delay,eval_metric,eval_steps,evaluation_strategy,exponential_decay_length_penalty,feature_types,finetuning_task,fit_intercept,forced_bos_token_id,forced_eos_token_id,fp16,fp16_backend,fp16_full_eval,fp16_opt_level,fsdp,fsdp_config,fsdp_min_num_params,fsdp_transformer_layer_cls_to_wrap,full_determinism,gamma,gradient_accumulation_steps,gradient_checkpointing,gradient_checkpointing_kwargs,greater_is_better,group_by_length,grow_policy,half_precision_backend,hidden_act,hidden_dropout_prob,hidden_size,hub_always_push,hub_model_id,hub_private_repo,hub_strategy,hub_token,id2label,ignore_data_skip,importance_type,include_inputs_for_metrics,include_tokens_per_second,initializer_range,interaction_constraints,intercept_scaling,intermediate_size,is_decoder,is_encoder_decoder,jit_mode_eval,l1_ratio,label2id,label_names,label_smoothing_factor,layer_norm_eps,learning_rate,length_column_name,length_penalty,load_best_model_at_end,local_rank,log_level,log_level_replica,log_on_each_node,logging_dir,logging_first_step,logging_nan_inf_filter,logging_steps,logging_strategy,lr_scheduler_type,max_bin,max_cat_threshold,max_cat_to_onehot,max_delta_step,max_depth,max_features,max_grad_norm,max_iter,max_leaf_nodes,max_leaves,max_length,max_position_embeddings,max_samples,max_steps,metric_for_best_model,min_child_weight,min_impurity_decrease,min_length,min_samples_leaf,min_samples_split,min_weight_fraction_leaf,missing,model_type,monotone_constraints,mp_parameters,multi_class,multi_strategy,n_estimators,n_jobs,neftune_noise_alpha,no_cuda,no_repeat_ngram_size,num_attention_heads,num_beam_groups,num_beams,num_hidden_layers,num_parallel_tree,num_return_sequences,num_train_epochs,objective,oob_score,optim,optim_args,output_attentions,output_dir,output_hidden_states,output_scores,overwrite_output_dir,pad_token_id,past_index,penalty,per_device_eval_batch_size,per_device_train_batch_size,per_gpu_eval_batch_size,per_gpu_train_batch_size,position_embedding_type,prediction_loss_only,prefix,problem_type,pruned_heads,push_to_hub,push_to_hub_model_id,push_to_hub_organization,push_to_hub_token,random_state,ray_scope,reg_alpha,reg_lambda,remove_invalid_values,remove_unused_columns,repetition_penalty,report_to,resume_from_checkpoint,return_dict,return_dict_in_generate,run_name,sampling_method,save_on_each_node,save_safetensors,save_steps,save_strategy,save_total_limit,scale_pos_weight,seed,sep_token_id,skip_memory_metrics,solver,split_batches,subsample,suppress_tokens,task_specific_params,temperature,tf32,tf_legacy_loss,tfidf_features,tie_encoder_decoder,tie_word_embeddings,tokenizer_class,tol,top_k,top_p,torch_compile,torch_compile_backend,torch_compile_mode,torch_dtype,torchdynamo,torchscript,tpu_metrics_debug,tpu_num_cores,transformers_version,tree_method,type_vocab_size,typical_p,use_bfloat16,use_cache,use_cpu,use_ipex,use_legacy_prediction_loop,use_mps_device,validate_parameters,verbose,verbosity,vocab_size,warm_start,warmup_ratio,warmup_steps,weight_decay,accuracy,accuracy_balanced,epoch,f1_neg,f1_pos,fn,fp,precision_neg,precision_pos,recall_neg,recall_pos,tn,total_flos,tp,train_loss,train_runtime,train_samples_per_second,train_steps_per_second
2023-11-22 17:23:41,19.3s,3dc184ab955841f2b9a321e4f288329d,LogisticRegression_split_T_spel_F_lem_25000,LOCAL,d:\anaconda\Lib\site-packages\ipykernel_launcher.py,aleksa.milenovic,FINISHED,2.962688031134659,,,,,,,,,,,,,,,,,,,,,None,,,,,,,split_T_spel_F_lem.csv,,,,,,,,,,,,,,,,,,,,,False,,,,,,,,,,,,,,True,,,,,,,,,,,,,,,,,,,,,,,,,,,,,,,,,,,1,,,,,None,,,,,,,,,,,,,,,,,,,,,,,,,,1000,,,,,,,,,,,,,,,,,,auto,,,None,,,,,,,,,,,,,,,,,,,,,,l2,,,,,,,,,,,,,,None,,,,,,,,,,,,,,,,,,,,,,lbfgs,,,,,,,,25000,,,,0.0001,,,,,,,,,,,,,,,,,,,,,,0,,,False,,,,0.8966666666666666,0.8949409508620034,,0.8861509299845989,0.9054040752042524,417,544,0.8996872744767861,0.8942251604122108,0.873015873015873,0.9168660287081339,3740,,4599,,,,
2023-11-27 12:07:40,22.0s,0a8891d02fdf48c0b7798846d3d4889e,LogisticRegression_split_F_spel_F_lem_25000,LOCAL,d:\anaconda\Lib\site-packages\ipykernel_launcher.py,aleksa.milenovic,FINISHED,3.3168724649527994,,,,,,,,,,,,,,,,,,,,,None,,,,,,,split_F_spel_F_lem.csv,,,,,,,,,,,,,,,,,,,,,False,,,,,,,,,,,,,,True,,,,,,,,,,,,,,,,,,,,,,,,,,,,,,,,,,,1,,,,,None,,,,,,,,,,,,,,,,,,,,,,,,,,1000,,,,,,,,,,,,,,,,,,auto,,,None,,,,,,,,,,,,,,,,,,,,,,l2,,,,,,,,,,,,,,None,,,,,,,,,,,,,,,,,,,,,,liblinear,,,,,,,,25000,,,,0.0001,,,,,,,,,,,,,,,,,,,,,,0,,,False,,,,0.8960215053763441,0.8944791233877921,,0.8857379179959826,0.9046068856663708,431,536,0.8968652787748265,0.8953329427846124,0.8748832866479925,0.9140749601275917,3748,,4585,,,,
2023-11-22 16:08:09,23.6s,f53d83fd142e4490a8756a1b06ade8f7,LogisticRegression_split_F_spel_F_lem_25000,LOCAL,d:\anaconda\Lib\site-packages\ipykernel_launcher.py,aleksa.milenovic,FINISHED,3.6834100369080085,,,,,,,,,,,,,,,,,,,,,None,,,,,,,split_F_spel_F_lem.csv,,,,,,,,,,,,,,,,,,,,,False,,,,,,,,,,,,,,True,,,,,,,,,,,,,,,,,,,,,,,,,,,,,,,,,,,1,,,,,None,,,,,,,,,,,,,,,,,,,,,,,,,,1000,,,,,,,,,,,,,,,,,,auto,,,None,,,,,,,,,,,,,,,,,,,,,,l2,,,,,,,,,,,,,,None,,,,,,,,,,,,,,,,,,,,,,newton-cg,,,,,,,,25000,,,,0.0001,,,,,,,,,,,,,,,,,,,,,,0,,,False,,,,0.8958064516129032,0.8943138260088724,,0.8855827134254339,0.9043529760142138,435,534,0.8960573476702509,0.8956011730205279,0.8753501400560224,0.9132775119617225,3750,,4581,,,,
2023-11-27 13:31:25,28.3s,acff0075b4b44e1997891867c18edf7d,LogisticRegression_split_T_spel_F_lem_25000,LOCAL,d:\anaconda\Lib\site-packages\ipykernel_launcher.py,aleksa.milenovic,FINISHED,2.3527605538174727,,,,,,,,,,,,,,,,,,,,,None,,,,,,,split_T_spel_F_lem.csv,,,,,,,,,,,,,,,,,,,,,False,,,,,,,,,,,,,,True,,,,,,,,,,,,,,,,,,,,,,,,,,,,,,,,,,,1,,,,,None,,,,,,,,,,,,,,,,,,,,,,,,,,1000,,,,,,,,,,,,,,,,,,auto,,,None,,,,,,,,,,,,,,,,,,,,,,l2,,,,,,,,,,,,,,None,,,,,,,,,,,,,,,,,,,,,,lbfgs,,,,,,,,25000,,,,0.0001,,,,,,,,,,,,,,,,,,,,,,0,,,False,,,,0.894731182795699,0.8929593368447858,,0.8839634941329857,0.9036701761290957,424,555,0.8979051288225379,0.8921701962308141,0.8704481792717087,0.9154704944178629,3729,,4592,,,,
2023-11-22 16:00:30,23.8s,84af07bef98f4d0b8dd138f1be48c8b4,LogisticRegression_split_F_spel_F_lem_15000,LOCAL,d:\anaconda\Lib\site-packages\ipykernel_launcher.py,aleksa.milenovic,FINISHED,2.827570197646964,,,,,,,,,,,,,,,,,,,,,None,,,,,,,split_F_spel_F_lem.csv,,,,,,,,,,,,,,,,,,,,,False,,,,,,,,,,,,,,True,,,,,,,,,,,,,,,,,,,,,,,,,,,,,,,,,,,1,,,,,None,,,,,,,,,,,,,,,,,,,,,,,,,,100,,,,,,,,,,,,,,,,,,auto,,,None,,,,,,,,,,,,,,,,,,,,,,l2,,,,,,,,,,,,,,None,,,,,,,,,,,,,,,,,,,,,,lbfgs,,,,,,,,15000,,,,0.0001,,,,,,,,,,,,,,,,,,,,,,0,,,False,,,,0.8943010752688172,0.8926287420869464,,0.8836548703988637,0.9031622500246282,432,551,0.8962785114045618,0.89269717624148,0.8713818860877685,0.9138755980861244,3733,,4584,,,,
2023-11-27 12:02:50,21.2s,8fe586f56f6f413e878628a6b08dc976,LogisticRegression_split_F_spel_F_lem_20000,LOCAL,d:\anaconda\Lib\site-packages\ipykernel_launcher.py,aleksa.milenovic,FINISHED,3.112783982997605,,,,,,,,,,,,,,,,,,,,,None,,,,,,,split_F_spel_F_lem.csv,,,,,,,,,,,,,,,,,,,,,False,,,,,,,,,,,,,,True,,,,,,,,,,,,,,,,,,,,,,,,,,,,,,,,,,,1,,,,,None,,,,,,,,,,,,,,,,,,,,,,,,,,1000,,,,,,,,,,,,,,,,,,auto,,,None,,,,,,,,,,,,,,,,,,,,,,l2,,,,,,,,,,,,,,None,,,,,,,,,,,,,,,,,,,,,,lbfgs,,,,,,,,20000,,,,0.0001,,,,,,,,,,,,,,,,,,,,,,0,,,False,,,,0.8938709677419355,0.8923322119916548,,0.883402244536326,0.9026147015293537,442,545,0.8942836641951686,0.8935338933385427,0.8727824463118581,0.9118819776714514,3739,,4574,,,,
2023-11-22 16:04:22,22.9s,8f8ca6c0de41420b985c6a6df90d5c44,LogisticRegression_split_F_spel_F_lem_20000,LOCAL,d:\anaconda\Lib\site-packages\ipykernel_launcher.py,aleksa.milenovic,FINISHED,3.0205744948209046,,,,,,,,,,,,,,,,,,,,,None,,,,,,,split_F_spel_F_lem.csv,,,,,,,,,,,,,,,,,,,,,False,,,,,,,,,,,,,,True,,,,,,,,,,,,,,,,,,,,,,,,,,,,,,,,,,,1,,,,,None,,,,,,,,,,,,,,,,,,,,,,,,,,100,,,,,,,,,,,,,,,,,,auto,,,None,,,,,,,,,,,,,,,,,,,,,,l2,,,,,,,,,,,,,,None,,,,,,,,,,,,,,,,,,,,,,newton-cg,,,,,,,,20000,,,,0.0001,,,,,,,,,,,,,,,,,,,,,,0,,,False,,,,0.8938709677419355,0.8922981473291071,,0.8833471220895877,0.9026531216096262,440,547,0.8946612401244912,0.8932266250243998,0.8723155929038282,0.9122807017543859,3737,,4576,,,,
2023-11-27 13:46:01,25.7s,7f2cec9299a3455c87bc7f9913de03e4,LogisticRegression_split_T_spel_F_stem_20000,LOCAL,d:\anaconda\Lib\site-packages\ipykernel_launcher.py,aleksa.milenovic,FINISHED,3.3523993160253855,,,,,,,,,,,,,,,,,,,,,None,,,,,,,split_T_spel_F_stem.csv,,,,,,,,,,,,,,,,,,,,,False,,,,,,,,,,,,,,True,,,,,,,,,,,,,,,,,,,,,,,,,,,,,,,,,,,1,,,,,None,,,,,,,,,,,,,,,,,,,,,,,,,,100,,,,,,,,,,,,,,,,,,auto,,,None,,,,,,,,,,,,,,,,,,,,,,l2,,,,,,,,,,,,,,None,,,,,,,,,,,,,,,,,,,,,,newton-cg,,,,,,,,20000,,,,0.0001,,,,,,,,,,,,,,,,,,,,,,0,,,False,,,,0.8939784946236559,0.892193440374555,,0.8831199620673305,0.902990948445494,427,559,0.8971579961464354,0.8914141414141414,0.869514472455649,0.914872408293461,3725,,4589,,,,
2023-11-22 17:20:23,19.8s,a2d7218241404bc292bdbd3c0c33d210,LogisticRegression_split_T_spel_F_lem_20000,LOCAL,d:\anaconda\Lib\site-packages\ipykernel_launcher.py,aleksa.milenovic,FINISHED,2.821853043128621,,,,,,,,,,,,,,,,,,,,,None,,,,,,,split_T_spel_F_lem.csv,,,,,,,,,,,,,,,,,,,,,False,,,,,,,,,,,,,,True,,,,,,,,,,,,,,,,,,,,,,,,,,,,,,,,,,,1,,,,,None,,,,,,,,,,,,,,,,,,,,,,,,,,100,,,,,,,,,,,,,,,,,,auto,,,None,,,,,,,,,,,,,,,,,,,,,,l2,,,,,,,,,,,,,,None,,,,,,,,,,,,,,,,,,,,,,newton-cg,,,,,,,,20000,,,,0.0001,,,,,,,,,,,,,,,,,,,,,,0,,,False,,,,0.8938709677419355,0.8921789210101904,,0.8831537824079554,0.9027873534915789,433,554,0.895988469853471,0.8921549542534554,0.8706816059757236,0.9136762360446571,3730,,4583,,,,
2023-11-27 11:58:14,22.2s,86f766c80c6c4fd1b2a5cc32338009b8,LogisticRegression_split_F_spel_F_lem_15000,LOCAL,d:\anaconda\Lib\site-packages\ipykernel_launcher.py,aleksa.milenovic,FINISHED,2.2070828291308846,,,,,,,,,,,,,,,,,,,,,None,,,,,,,split_F_spel_F_lem.csv,,,,,,,,,,,,,,,,,,,,,False,,,,,,,,,,,,,,True,,,,,,,,,,,,,,,,,,,,,,,,,,,,,,,,,,,1,,,,,None,,,,,,,,,,,,,,,,,,,,,,,,,,1000,,,,,,,,,,,,,,,,,,auto,,,None,,,,,,,,,,,,,,,,,,,,,,l2,,,,,,,,,,,,,,None,,,,,,,,,,,,,,,,,,,,,,lbfgs,,,,,,,,15000,,,,0.0001,,,,,,,,,,,,,,,,,,,,,,0,,,False,,,,0.8938709677419355,0.8921618886789165,,0.883126110124334,0.9028064992614476,432,555,0.8961788031723144,0.8920023350846468,0.8704481792717087,0.9138755980861244,3729,,4584,,,,
2023-11-22 18:00:55,20.2s,af521eb25e3f407e88218bc9cfb7b7f4,LogisticRegression_split_T_spel_T_lem_25000,LOCAL,d:\anaconda\Lib\site-packages\ipykernel_launcher.py,aleksa.milenovic,FINISHED,4.464204169812292,,,,,,,,,,,,,,,,,,,,,None,,,,,,,split_T_spel_T_lem.csv,,,,,,,,,,,,,,,,,,,,,False,,,,,,,,,,,,,,True,,,,,,,,,,,,,,,,,,,,,,,,,,,,,,,,,,,1,,,,,None,,,,,,,,,,,,,,,,,,,,,,,,,,100,,,,,,,,,,,,,,,,,,auto,,,None,,,,,,,,,,,,,,,,,,,,,,l2,,,,,,,,,,,,,,None,,,,,,,,,,,,,,,,,,,,,,lbfgs,,,,,,,,25000,,,,0.0001,,,,,,,,,,,,,,,,,,,,,,0,,,False,,,,0.8936559139784946,0.8921328499501875,,0.8831935750561001,0.902398105200829,444,545,0.8938560841501315,0.8934922806331835,0.8727824463118581,0.9114832535885168,3739,,4572,,,,
2023-11-27 13:51:15,24.5s,0b30fc82b95f48ad961c2baa2db83b01,LogisticRegression_split_T_spel_F_stem_25000,LOCAL,d:\anaconda\Lib\site-packages\ipykernel_launcher.py,aleksa.milenovic,FINISHED,3.7478170435697113,,,,,,,,,,,,,,,,,,,,,None,,,,,,,split_T_spel_F_stem.csv,,,,,,,,,,,,,,,,,,,,,False,,,,,,,,,,,,,,True,,,,,,,,,,,,,,,,,,,,,,,,,,,,,,,,,,,1,,,,,None,,,,,,,,,,,,,,,,,,,,,,,,,,1000,,,,,,,,,,,,,,,,,,auto,,,None,,,,,,,,,,,,,,,,,,,,,,l2,,,,,,,,,,,,,,None,,,,,,,,,,,,,,,,,,,,,,newton-cg,,,,,,,,25000,,,,0.0001,,,,,,,,,,,,,,,,,,,,,,0,,,False,,,,0.8937634408602151,0.89196001367054,,0.882855110267963,0.9028132992327366,427,561,0.8971084337349398,0.8910679611650485,0.8690476190476191,0.914872408293461,3723,,4589,,,,
2023-11-22 17:17:01,20.0s,7881d585a070475fa6577d8b7af82760,LogisticRegression_split_T_spel_F_lem_15000,LOCAL,d:\anaconda\Lib\site-packages\ipykernel_launcher.py,aleksa.milenovic,FINISHED,2.2761618740841594,,,,,,,,,,,,,,,,,,,,,None,,,,,,,split_T_spel_F_lem.csv,,,,,,,,,,,,,,,,,,,,,False,,,,,,,,,,,,,,True,,,,,,,,,,,,,,,,,,,,,,,,,,,,,,,,,,,1,,,,,None,,,,,,,,,,,,,,,,,,,,,,,,,,1000,,,,,,,,,,,,,,,,,,auto,,,None,,,,,,,,,,,,,,,,,,,,,,l2,,,,,,,,,,,,,,None,,,,,,,,,,,,,,,,,,,,,,newton-cg,,,,,,,,15000,,,,0.0001,,,,,,,,,,,,,,,,,,,,,,0,,,False,,,,0.8936559139784946,0.8919114296436278,,0.88283378746594,0.9026478984151983,431,558,0.8963194611498677,0.891503013805172,0.8697478991596639,0.9140749601275917,3726,,4585,,,,
2023-11-22 17:57:29,19.5s,d8785674b3d24e009b25d4a29db69408,LogisticRegression_split_T_spel_T_lem_20000,LOCAL,d:\anaconda\Lib\site-packages\ipykernel_launcher.py,aleksa.milenovic,FINISHED,3.0379712018408953,,,,,,,,,,,,,,,,,,,,,None,,,,,,,split_T_spel_T_lem.csv,,,,,,,,,,,,,,,,,,,,,False,,,,,,,,,,,,,,True,,,,,,,,,,,,,,,,,,,,,,,,,,,,,,,,,,,1,,,,,None,,,,,,,,,,,,,,,,,,,,,,,,,,1000,,,,,,,,,,,,,,,,,,auto,,,None,,,,,,,,,,,,,,,,,,,,,,l2,,,,,,,,,,,,,,None,,,,,,,,,,,,,,,,,,,,,,newton-cg,,,,,,,,20000,,,,0.0001,,,,,,,,,,,,,,,,,,,,,,0,,,False,,,,0.8933333333333333,0.8917316129003436,,0.8827145897375266,0.9021889173732992,441,551,0.8943459511260182,0.8925087787748732,0.8713818860877685,0.9120813397129187,3733,,4575,,,,
2023-11-27 13:21:11,24.1s,cb1d2962726948ffa76650ad268f2278,LogisticRegression_split_T_spel_F_lem_15000,LOCAL,d:\anaconda\Lib\site-packages\ipykernel_launcher.py,aleksa.milenovic,FINISHED,2.3315857700629397,,,,,,,,,,,,,,,,,,,,,None,,,,,,,split_T_spel_F_lem.csv,,,,,,,,,,,,,,,,,,,,,False,,,,,,,,,,,,,,True,,,,,,,,,,,,,,,,,,,,,,,,,,,,,,,,,,,1,,,,,None,,,,,,,,,,,,,,,,,,,,,,,,,,100,,,,,,,,,,,,,,,,,,auto,,,None,,,,,,,,,,,,,,,,,,,,,,l2,,,,,,,,,,,,,,None,,,,,,,,,,,,,,,,,,,,,,lbfgs,,,,,,,,15000,,,,0.0001,,,,,,,,,,,,,,,,,,,,,,0,,,False,,,,0.8934408602150538,0.8917290999334343,,0.8826524570751925,0.9024126046282619,434,557,0.8956981494832973,0.8916131543101771,0.8699813258636788,0.9134768740031898,3727,,4582,,,,
2023-11-27 13:26:25,26.0s,4e3f2dfa7b454af997abea2a925698d8,LogisticRegression_split_T_spel_F_lem_20000,LOCAL,d:\anaconda\Lib\site-packages\ipykernel_launcher.py,aleksa.milenovic,FINISHED,2.002036658544747,,,,,,,,,,,,,,,,,,,,,None,,,,,,,split_T_spel_F_lem.csv,,,,,,,,,,,,,,,,,,,,,False,,,,,,,,,,,,,,True,,,,,,,,,,,,,,,,,,,,,,,,,,,,,,,,,,,1,,,,,None,,,,,,,,,,,,,,,,,,,,,,,,,,100,,,,,,,,,,,,,,,,,,auto,,,None,,,,,,,,,,,,,,,,,,,,,,l2,,,,,,,,,,,,,,None,,,,,,,,,,,,,,,,,,,,,,lbfgs,,,,,,,,20000,,,,0.0001,,,,,,,,,,,,,,,,,,,,,,0,,,False,,,,0.8935483870967742,0.8917265869665251,,0.8825901328273246,0.9026357199055862,427,563,0.8970588235294118,0.890722049689441,0.8685807656395892,0.914872408293461,3721,,4589,,,,
2023-11-27 12:21:29,26.5s,d9fbd78b7b694642bde8f10928fb5a7a,LogisticRegression_split_F_spel_F_stem_20000,LOCAL,d:\anaconda\Lib\site-packages\ipykernel_launcher.py,aleksa.milenovic,FINISHED,2.556103069360497,,,,,,,,,,,,,,,,,,,,,None,,,,,,,split_F_spel_F_stem.csv,,,,,,,,,,,,,,,,,,,,,False,,,,,,,,,,,,,,True,,,,,,,,,,,,,,,,,,,,,,,,,,,,,,,,,,,1,,,,,None,,,,,,,,,,,,,,,,,,,,,,,,,,1000,,,,,,,,,,,,,,,,,,auto,,,None,,,,,,,,,,,,,,,,,,,,,,l2,,,,,,,,,,,,,,None,,,,,,,,,,,,,,,,,,,,,,lbfgs,,,,,,,,20000,,,,0.0001,,,,,,,,,,,,,,,,,,,,,,0,,,False,,,,0.8935483870967742,0.8917265869665251,,0.8825901328273246,0.9026357199055862,427,563,0.8970588235294118,0.890722049689441,0.8685807656395892,0.914872408293461,3721,,4589,,,,
2023-11-22 17:05:13,20.3s,7698dd4457b74f73892d3b5542a6e714,LogisticRegression_split_F_spel_T_stem_25000,LOCAL,d:\anaconda\Lib\site-packages\ipykernel_launcher.py,aleksa.milenovic,FINISHED,3.0697447017720636,,,,,,,,,,,,,,,,,,,,,None,,,,,,,split_F_spel_T_stem.csv,,,,,,,,,,,,,,,,,,,,,False,,,,,,,,,,,,,,True,,,,,,,,,,,,,,,,,,,,,,,,,,,,,,,,,,,1,,,,,None,,,,,,,,,,,,,,,,,,,,,,,,,,100,,,,,,,,,,,,,,,,,,auto,,,None,,,,,,,,,,,,,,,,,,,,,,l2,,,,,,,,,,,,,,None,,,,,,,,,,,,,,,,,,,,,,lbfgs,,,,,,,,25000,,,,0.0001,,,,,,,,,,,,,,,,,,,,,,0,,,False,,,,0.8932258064516129,0.8915127055606932,,0.8824156305506217,0.9022156573116691,435,558,0.8954578226387887,0.8914185639229422,0.8697478991596639,0.9132775119617225,3726,,4581,,,,
2023-11-27 12:42:13,24.1s,bf4ddbfe792641a2b299c47464eb3b72,LogisticRegression_split_F_spel_T_lem_20000,LOCAL,d:\anaconda\Lib\site-packages\ipykernel_launcher.py,aleksa.milenovic,FINISHED,4.204645424205694,,,,,,,,,,,,,,,,,,,,,None,,,,,,,split_F_spel_T_lem.csv,,,,,,,,,,,,,,,,,,,,,False,,,,,,,,,,,,,,True,,,,,,,,,,,,,,,,,,,,,,,,,,,,,,,,,,,1,,,,,None,,,,,,,,,,,,,,,,,,,,,,,,,,180,,,,,,,,,,,,,,,,,,auto,,,None,,,,,,,,,,,,,,,,,,,,,,l2,,,,,,,,,,,,,,None,,,,,,,,,,,,,,,,,,,,,,lbfgs,,,,,,,,20000,,,,0.0001,,,,,,,,,,,,,,,,,,,,,,0,,,False,,,,0.8927956989247312,0.8913013371217706,,0.8823043324282848,0.9015697502221345,450,547,0.8925244805349892,0.8930177977703893,0.8723155929038282,0.9102870813397129,3737,,4566,,,,
2023-11-22 16:24:13,22.2s,aacd0d95be034c2daddf1b8976b6080f,LogisticRegression_split_F_spel_F_stem_20000,LOCAL,d:\anaconda\Lib\site-packages\ipykernel_launcher.py,aleksa.milenovic,FINISHED,3.1596289513810922,,,,,,,,,,,,,,,,,,,,,None,,,,,,,split_F_spel_F_stem.csv,,,,,,,,,,,,,,,,,,,,,False,,,,,,,,,,,,,,True,,,,,,,,,,,,,,,,,,,,,,,,,,,,,,,,,,,1,,,,,None,,,,,,,,,,,,,,,,,,,,,,,,,,100,,,,,,,,,,,,,,,,,,auto,,,None,,,,,,,,,,,,,,,,,,,,,,l2,,,,,,,,,,,,,,None,,,,,,,,,,,,,,,,,,,,,,newton-cg,,,,,,,,20000,,,,0.0001,,,,,,,,,,,,,,,,,,,,,,0,,,False,,,,0.8930107526881721,0.8912792788566782,,0.8821508942319081,0.9020380033474451,435,560,0.8954075498918009,0.8910717759190819,0.869281045751634,0.9132775119617225,3724,,4581,,,,
2023-11-22 18:19:39,19.8s,2d2547541e4d4a509eca5e054e3363d1,LogisticRegression_split_T_spel_T_stem_25000,LOCAL,d:\anaconda\Lib\site-packages\ipykernel_launcher.py,aleksa.milenovic,FINISHED,2.224459696801683,,,,,,,,,,,,,,,,,,,,,None,,,,,,,split_T_spel_T_stem.csv,,,,,,,,,,,,,,,,,,,,,False,,,,,,,,,,,,,,True,,,,,,,,,,,,,,,,,,,,,,,,,,,,,,,,,,,1,,,,,None,,,,,,,,,,,,,,,,,,,,,,,,,,928,,,,,,,,,,,,,,,,,,auto,,,None,,,,,,,,,,,,,,,,,,,,,,l2,,,,,,,,,,,,,,None,,,,,,,,,,,,,,,,,,,,,,newton-cg,,,,,,,,25000,,,,0.0001,,,,,,,,,,,,,,,,,,,,,,0,,,False,,,,0.8932258064516129,0.8912742529228597,,0.8820244742782464,0.9024845330452714,421,572,0.8981369465279458,0.8892974646796981,0.8664799253034547,0.9160685805422647,3712,,4595,,,,
2023-11-27 14:11:14,24.1s,7b4090836a1e43fbb40211a6a3de834b,LogisticRegression_split_T_spel_T_lem_25000,LOCAL,d:\anaconda\Lib\site-packages\ipykernel_launcher.py,aleksa.milenovic,FINISHED,2.224459696801683,,,,,,,,,,,,,,,,,,,,,None,,,,,,,split_T_spel_T_lem.csv,,,,,,,,,,,,,,,,,,,,,False,,,,,,,,,,,,,,True,,,,,,,,,,,,,,,,,,,,,,,,,,,,,,,,,,,1,,,,,None,,,,,,,,,,,,,,,,,,,,,,,,,,928,,,,,,,,,,,,,,,,,,auto,,,None,,,,,,,,,,,,,,,,,,,,,,l2,,,,,,,,,,,,,,None,,,,,,,,,,,,,,,,,,,,,,newton-cg,,,,,,,,25000,,,,0.0001,,,,,,,,,,,,,,,,,,,,,,0,,,False,,,,0.8929032258064517,0.8911966301672184,,0.8820743547241298,0.901910577112468,437,559,0.8950024026910139,0.8912028026469443,0.869514472455649,0.9128787878787878,3725,,4579,,,,
2023-11-27 14:30:30,23.9s,060aba51d1514ae6a71fac43604f91c6,LogisticRegression_split_T_spel_T_stem_25000,LOCAL,d:\anaconda\Lib\site-packages\ipykernel_launcher.py,aleksa.milenovic,FINISHED,2.3940212885477625,,,,,,,,,,,,,,,,,,,,,None,,,,,,,split_T_spel_T_stem.csv,,,,,,,,,,,,,,,,,,,,,False,,,,,,,,,,,,,,True,,,,,,,,,,,,,,,,,,,,,,,,,,,,,,,,,,,1,,,,,None,,,,,,,,,,,,,,,,,,,,,,,,,,1000,,,,,,,,,,,,,,,,,,auto,,,None,,,,,,,,,,,,,,,,,,,,,,l2,,,,,,,,,,,,,,None,,,,,,,,,,,,,,,,,,,,,,newton-cg,,,,,,,,25000,,,,0.0001,,,,,,,,,,,,,,,,,,,,,,0,,,False,,,,0.8931182795698924,0.8911916042333999,,0.8819477434679336,0.9023575638506875,423,571,0.8977272727272727,0.889426800929512,0.8667133520074697,0.9156698564593302,3713,,4593,,,,
2023-11-22 16:20:35,23.7s,e58a3fafe99f4a6f9f7cf682b88d7ebb,LogisticRegression_split_F_spel_F_stem_15000,LOCAL,d:\anaconda\Lib\site-packages\ipykernel_launcher.py,aleksa.milenovic,FINISHED,2.979460834966233,,,,,,,,,,,,,,,,,,,,,None,,,,,,,split_F_spel_F_stem.csv,,,,,,,,,,,,,,,,,,,,,False,,,,,,,,,,,,,,True,,,,,,,,,,,,,,,,,,,,,,,,,,,,,,,,,,,1,,,,,None,,,,,,,,,,,,,,,,,,,,,,,,,,1000,,,,,,,,,,,,,,,,,,auto,,,None,,,,,,,,,,,,,,,,,,,,,,l2,,,,,,,,,,,,,,None,,,,,,,,,,,,,,,,,,,,,,lbfgs,,,,,,,,15000,,,,0.0001,,,,,,,,,,,,,,,,,,,,,,0,,,False,,,,0.8929032258064517,0.8911114685108493,,0.8819345661450926,0.9020070838252657,432,564,0.8959537572254336,0.8904428904428905,0.8683473389355743,0.9138755980861244,3720,,4584,,,,
2023-11-22 17:54:05,19.3s,ce2340bb3bc4443ebb334c7c1b1a4884,LogisticRegression_split_T_spel_T_lem_15000,LOCAL,d:\anaconda\Lib\site-packages\ipykernel_launcher.py,aleksa.milenovic,FINISHED,3.0404436993091153,,,,,,,,,,,,,,,,,,,,,None,,,,,,,split_T_spel_T_lem.csv,,,,,,,,,,,,,,,,,,,,,False,,,,,,,,,,,,,,True,,,,,,,,,,,,,,,,,,,,,,,,,,,,,,,,,,,1,,,,,None,,,,,,,,,,,,,,,,,,,,,,,,,,1000,,,,,,,,,,,,,,,,,,auto,,,None,,,,,,,,,,,,,,,,,,,,,,l2,,,,,,,,,,,,,,None,,,,,,,,,,,,,,,,,,,,,,lbfgs,,,,,,,,15000,,,,0.0001,,,,,,,,,,,,,,,,,,,,,,0,,,False,,,,0.8926881720430108,0.8910824297821203,,0.8820052021754552,0.9015973180832183,444,554,0.8936272160996646,0.8919235271166601,0.8706816059757236,0.9114832535885168,3730,,4572,,,,
2023-11-27 12:48:09,25.6s,2a3bf8b8f23d478ba2ef497d38a13e28,LogisticRegression_split_F_spel_T_lem_25000,LOCAL,d:\anaconda\Lib\site-packages\ipykernel_launcher.py,aleksa.milenovic,FINISHED,3.7910102463625055,,,,,,,,,,,,,,,,,,,,,None,,,,,,,split_F_spel_T_lem.csv,,,,,,,,,,,,,,,,,,,,,False,,,,,,,,,,,,,,True,,,,,,,,,,,,,,,,,,,,,,,,,,,,,,,,,,,1,,,,,None,,,,,,,,,,,,,,,,,,,,,,,,,,970,,,,,,,,,,,,,,,,,,auto,,,None,,,,,,,,,,,,,,,,,,,,,,l2,,,,,,,,,,,,,,None,,,,,,,,,,,,,,,,,,,,,,newton-cg,,,,,,,,25000,,,,0.0001,,,,,,,,,,,,,,,,,,,,,,0,,,False,,,,0.8925806451612903,0.8910508780864819,,0.8820125191921578,0.9014112306325865,449,550,0.8926607697824528,0.892515145593121,0.8716153127917834,0.9104864433811802,3734,,4567,,,,
2023-11-22 16:27:48,22.4s,a9043fd4921440c1953aefd1982f79c7,LogisticRegression_split_F_spel_F_stem_25000,LOCAL,d:\anaconda\Lib\site-packages\ipykernel_launcher.py,aleksa.milenovic,FINISHED,2.876847131141188,,,,,,,,,,,,,,,,,,,,,None,,,,,,,split_F_spel_F_stem.csv,,,,,,,,,,,,,,,,,,,,,False,,,,,,,,,,,,,,True,,,,,,,,,,,,,,,,,,,,,,,,,,,,,,,,,,,1,,,,,None,,,,,,,,,,,,,,,,,,,,,,,,,,100,,,,,,,,,,,,,,,,,,auto,,,None,,,,,,,,,,,,,,,,,,,,,,l2,,,,,,,,,,,,,,None,,,,,,,,,,,,,,,,,,,,,,newton-cg,,,,,,,,25000,,,,0.0001,,,,,,,,,,,,,,,,,,,,,,0,,,False,,,,0.8927956989247312,0.8910117874901157,,0.8818300343724073,0.9018990455574141,433,564,0.895738020707922,0.8904216048183408,0.8683473389355743,0.9136762360446571,3720,,4583,,,,
2023-11-27 12:26:44,28.1s,9ae162d9de564c82a9154250798a5fc9,LogisticRegression_split_F_spel_F_stem_25000,LOCAL,d:\anaconda\Lib\site-packages\ipykernel_launcher.py,aleksa.milenovic,FINISHED,2.706099659002028,,,,,,,,,,,,,,,,,,,,,None,,,,,,,split_F_spel_F_stem.csv,,,,,,,,,,,,,,,,,,,,,False,,,,,,,,,,,,,,True,,,,,,,,,,,,,,,,,,,,,,,,,,,,,,,,,,,1,,,,,None,,,,,,,,,,,,,,,,,,,,,,,,,,100,,,,,,,,,,,,,,,,,,auto,,,None,,,,,,,,,,,,,,,,,,,,,,l2,,,,,,,,,,,,,,None,,,,,,,,,,,,,,,,,,,,,,lbfgs,,,,,,,,25000,,,,0.0001,,,,,,,,,,,,,,,,,,,,,,0,,,False,,,,0.8927956989247312,0.8909947551588419,,0.8818020154119739,0.9019183472700444,432,565,0.8959286918814744,0.8902699553311323,0.8681139122315593,0.9138755980861244,3719,,4584,,,,
2023-11-27 14:25:39,23.6s,a8e48c14ec0c47c9927ed7917a9460dc,LogisticRegression_split_T_spel_T_stem_20000,LOCAL,d:\anaconda\Lib\site-packages\ipykernel_launcher.py,aleksa.milenovic,FINISHED,2.6329121078258235,,,,,,,,,,,,,,,,,,,,,None,,,,,,,split_T_spel_T_stem.csv,,,,,,,,,,,,,,,,,,,,,False,,,,,,,,,,,,,,True,,,,,,,,,,,,,,,,,,,,,,,,,,,,,,,,,,,1,,,,,None,,,,,,,,,,,,,,,,,,,,,,,,,,980,,,,,,,,,,,,,,,,,,auto,,,None,,,,,,,,,,,,,,,,,,,,,,l2,,,,,,,,,,,,,,None,,,,,,,,,,,,,,,,,,,,,,lbfgs,,,,,,,,20000,,,,0.0001,,,,,,,,,,,,,,,,,,,,,,0,,,False,,,,0.8927956989247312,0.8909606904962942,,0.8817459376111969,0.9019569279181826,430,567,0.8963105859657584,0.8899670095090239,0.8676470588235294,0.914274322169059,3717,,4586,,,,
2023-11-27 13:15:58,31.3s,218049da8d684bfaad634a45c9562416,LogisticRegression_split_T_spel_F_lem_10000,LOCAL,d:\anaconda\Lib\site-packages\ipykernel_launcher.py,aleksa.milenovic,FINISHED,2.5611284198006543,,,,,,,,,,,,,,,,,,,,,None,,,,,,,split_T_spel_F_lem.csv,,,,,,,,,,,,,,,,,,,,,False,,,,,,,,,,,,,,True,,,,,,,,,,,,,,,,,,,,,,,,,,,,,,,,,,,1,,,,,None,,,,,,,,,,,,,,,,,,,,,,,,,,1000,,,,,,,,,,,,,,,,,,auto,,,None,,,,,,,,,,,,,,,,,,,,,,l2,,,,,,,,,,,,,,None,,,,,,,,,,,,,,,,,,,,,,lbfgs,,,,,,,,10000,,,,0.0001,,,,,,,,,,,,,,,,,,,,,,0,,,False,,,,0.8926881720430108,0.8909291388006558,,0.8817535545023697,0.9017716535433071,435,563,0.8953320500481232,0.8905520995334371,0.8685807656395892,0.9132775119617225,3721,,4581,,,,
2023-11-22 17:01:46,21.6s,064a692755bf4a178ab98b72ffc063ab,LogisticRegression_split_F_spel_T_stem_20000,LOCAL,d:\anaconda\Lib\site-packages\ipykernel_launcher.py,aleksa.milenovic,FINISHED,2.747606547318248,,,,,,,,,,,,,,,,,,,,,None,,,,,,,split_F_spel_T_stem.csv,,,,,,,,,,,,,,,,,,,,,False,,,,,,,,,,,,,,True,,,,,,,,,,,,,,,,,,,,,,,,,,,,,,,,,,,1,,,,,None,,,,,,,,,,,,,,,,,,,,,,,,,,100,,,,,,,,,,,,,,,,,,auto,,,None,,,,,,,,,,,,,,,,,,,,,,l2,,,,,,,,,,,,,,None,,,,,,,,,,,,,,,,,,,,,,lbfgs,,,,,,,,20000,,,,0.0001,,,,,,,,,,,,,,,,,,,,,,0,,,False,,,,0.8926881720430108,0.8909291388006558,,0.8817535545023697,0.9017716535433071,435,563,0.8953320500481232,0.8905520995334371,0.8685807656395892,0.9132775119617225,3721,,4581,,,,
2023-11-22 16:46:33,23.2s,f3261801c35242ec81e793ffd278ab3c,LogisticRegression_split_F_spel_T_lem_25000,LOCAL,d:\anaconda\Lib\site-packages\ipykernel_launcher.py,aleksa.milenovic,FINISHED,3.576084724857748,,,,,,,,,,,,,,,,,,,,,None,,,,,,,split_F_spel_T_lem.csv,,,,,,,,,,,,,,,,,,,,,False,,,,,,,,,,,,,,True,,,,,,,,,,,,,,,,,,,,,,,,,,,,,,,,,,,1,,,,,None,,,,,,,,,,,,,,,,,,,,,,,,,,1000,,,,,,,,,,,,,,,,,,auto,,,None,,,,,,,,,,,,,,,,,,,,,,l2,,,,,,,,,,,,,,None,,,,,,,,,,,,,,,,,,,,,,newton-cg,,,,,,,,25000,,,,0.0001,,,,,,,,,,,,,,,,,,,,,,0,,,False,,,,0.8924731182795699,0.8909171324032006,,0.8818525519848771,0.9013417521704815,448,552,0.8928229665071771,0.8921875,0.8711484593837535,0.9106858054226475,3732,,4568,,,,
2023-11-27 12:17:00,20.2s,6c96c2e22ac54cfea2ee0df6059a4f05,LogisticRegression_split_F_spel_F_stem_15000,LOCAL,d:\anaconda\Lib\site-packages\ipykernel_launcher.py,aleksa.milenovic,FINISHED,2.4417395673404023,,,,,,,,,,,,,,,,,,,,,None,,,,,,,split_F_spel_F_stem.csv,,,,,,,,,,,,,,,,,,,,,False,,,,,,,,,,,,,,True,,,,,,,,,,,,,,,,,,,,,,,,,,,,,,,,,,,1,,,,,None,,,,,,,,,,,,,,,,,,,,,,,,,,100,,,,,,,,,,,,,,,,,,auto,,,None,,,,,,,,,,,,,,,,,,,,,,l2,,,,,,,,,,,,,,None,,,,,,,,,,,,,,,,,,,,,,lbfgs,,,,,,,,15000,,,,0.0001,,,,,,,,,,,,,,,,,,,,,,0,,,False,,,,0.8926881720430108,0.8907247508253701,,0.881416349809886,0.9020031421838178,423,575,0.8976282671829623,0.8887383900928792,0.8657796451914099,0.9156698564593302,3709,,4593,,,,
2023-11-22 16:42:53,23.2s,6eaa5af1d9d64b4ebf8db4bb98094eb1,LogisticRegression_split_F_spel_T_lem_20000,LOCAL,d:\anaconda\Lib\site-packages\ipykernel_launcher.py,aleksa.milenovic,FINISHED,3.0119807678658224,,,,,,,,,,,,,,,,,,,,,None,,,,,,,split_F_spel_T_lem.csv,,,,,,,,,,,,,,,,,,,,,False,,,,,,,,,,,,,,True,,,,,,,,,,,,,,,,,,,,,,,,,,,,,,,,,,,1,,,,,None,,,,,,,,,,,,,,,,,,,,,,,,,,100,,,,,,,,,,,,,,,,,,auto,,,None,,,,,,,,,,,,,,,,,,,,,,l2,,,,,,,,,,,,,,None,,,,,,,,,,,,,,,,,,,,,,lbfgs,,,,,,,,20000,,,,0.0001,,,,,,,,,,,,,,,,,,,,,,0,,,False,,,,0.892258064516129,0.8907177703617333,,0.8816442239546421,0.901124925991711,450,552,0.8923959827833573,0.8921453692848769,0.8711484593837535,0.9102870813397129,3732,,4566,,,,
2023-11-27 14:20:53,24.1s,1c42a90b104f42bfaeb5364b4820d605,LogisticRegression_split_T_spel_T_stem_15000,LOCAL,d:\anaconda\Lib\site-packages\ipykernel_launcher.py,aleksa.milenovic,FINISHED,2.4417945533370826,,,,,,,,,,,,,,,,,,,,,None,,,,,,,split_T_spel_T_stem.csv,,,,,,,,,,,,,,,,,,,,,False,,,,,,,,,,,,,,True,,,,,,,,,,,,,,,,,,,,,,,,,,,,,,,,,,,1,,,,,None,,,,,,,,,,,,,,,,,,,,,,,,,,1000,,,,,,,,,,,,,,,,,,auto,,,None,,,,,,,,,,,,,,,,,,,,,,l2,,,,,,,,,,,,,,None,,,,,,,,,,,,,,,,,,,,,,lbfgs,,,,,,,,15000,,,,0.0001,,,,,,,,,,,,,,,,,,,,,,0,,,False,,,,0.8925806451612903,0.8907102314610055,,0.8814524741901033,0.9017988793866115,429,570,0.8964518464880521,0.8894706224549156,0.8669467787114846,0.9144736842105263,3714,,4587,,,,
2023-11-22 17:39:17,21.4s,db50fe9808334c2488bf9fc33c19e8e9,LogisticRegression_split_T_spel_F_stem_20000,LOCAL,d:\anaconda\Lib\site-packages\ipykernel_launcher.py,aleksa.milenovic,FINISHED,2.2078356999906883,,,,,,,,,,,,,,,,,,,,,None,,,,,,,split_T_spel_F_stem.csv,,,,,,,,,,,,,,,,,,,,,False,,,,,,,,,,,,,,True,,,,,,,,,,,,,,,,,,,,,,,,,,,,,,,,,,,1,,,,,None,,,,,,,,,,,,,,,,,,,,,,,,,,1000,,,,,,,,,,,,,,,,,,auto,,,None,,,,,,,,,,,,,,,,,,,,,,l2,,,,,,,,,,,,,,None,,,,,,,,,,,,,,,,,,,,,,lbfgs,,,,,,,,20000,,,,0.0001,,,,,,,,,,,,,,,,,,,,,,0,,,False,,,,0.8925806451612903,0.8906931991297317,,0.8814243323442137,0.9018181818181819,428,571,0.8966433228688723,0.8893196355882923,0.8667133520074697,0.9146730462519936,3713,,4588,,,,
2023-11-22 17:13:31,19.0s,c8a8daff3f91498a955149907374abb4,LogisticRegression_split_T_spel_F_lem_10000,LOCAL,d:\anaconda\Lib\site-packages\ipykernel_launcher.py,aleksa.milenovic,FINISHED,2.277067722906144,,,,,,,,,,,,,,,,,,,,,None,,,,,,,split_T_spel_F_lem.csv,,,,,,,,,,,,,,,,,,,,,False,,,,,,,,,,,,,,True,,,,,,,,,,,,,,,,,,,,,,,,,,,,,,,,,,,1,,,,,None,,,,,,,,,,,,,,,,,,,,,,,,,,100,,,,,,,,,,,,,,,,,,auto,,,None,,,,,,,,,,,,,,,,,,,,,,l2,,,,,,,,,,,,,,None,,,,,,,,,,,,,,,,,,,,,,newton-cg,,,,,,,,10000,,,,0.0001,,,,,,,,,,,,,,,,,,,,,,0,,,False,,,,0.892258064516129,0.8904793177238998,,0.8812514813936954,0.9013973627238733,436,566,0.895040924410207,0.8900116595413914,0.8678804855275444,0.9130781499202552,3718,,4580,,,,
2023-11-22 18:16:05,24.9s,39439ce104de4d4eb98b8cda44972516,LogisticRegression_split_T_spel_T_stem_20000,LOCAL,d:\anaconda\Lib\site-packages\ipykernel_launcher.py,aleksa.milenovic,FINISHED,2.0975993903801293,,,,,,,,,,,,,,,,,,,,,None,,,,,,,split_T_spel_T_stem.csv,,,,,,,,,,,,,,,,,,,,,False,,,,,,,,,,,,,,True,,,,,,,,,,,,,,,,,,,,,,,,,,,,,,,,,,,1,,,,,None,,,,,,,,,,,,,,,,,,,,,,,,,,1000,,,,,,,,,,,,,,,,,,auto,,,None,,,,,,,,,,,,,,,,,,,,,,l2,,,,,,,,,,,,,,None,,,,,,,,,,,,,,,,,,,,,,lbfgs,,,,,,,,20000,,,,0.0001,,,,,,,,,,,,,,,,,,,,,,0,,,False,,,,0.8923655913978494,0.8904086754318953,,0.881074016870619,0.9016989099479525,425,576,0.8971691265424631,0.8885233210760596,0.865546218487395,0.9152711323763956,3708,,4591,,,,
2023-11-27 13:05:01,24.4s,3dfa30ae2af94b4b9f4d892fdf963b69,LogisticRegression_split_F_spel_T_stem_20000,LOCAL,d:\anaconda\Lib\site-packages\ipykernel_launcher.py,aleksa.milenovic,FINISHED,2.507204755745779,,,,,,,,,,,,,,,,,,,,,None,,,,,,,split_F_spel_T_stem.csv,,,,,,,,,,,,,,,,,,,,,False,,,,,,,,,,,,,,True,,,,,,,,,,,,,,,,,,,,,,,,,,,,,,,,,,,1,,,,,None,,,,,,,,,,,,,,,,,,,,,,,,,,100,,,,,,,,,,,,,,,,,,auto,,,None,,,,,,,,,,,,,,,,,,,,,,l2,,,,,,,,,,,,,,None,,,,,,,,,,,,,,,,,,,,,,newton-cg,,,,,,,,20000,,,,0.0001,,,,,,,,,,,,,,,,,,,,,,0,,,False,,,,0.892258064516129,0.8903941560675307,,0.8811105837683911,0.901494298073142,431,571,0.8959942084942085,0.8892552366175329,0.8667133520074697,0.9140749601275917,3713,,4585,,,,
2023-11-27 12:36:57,23.0s,0a9bad631302481c8964e03a34a1bdde,LogisticRegression_split_F_spel_T_lem_15000,LOCAL,d:\anaconda\Lib\site-packages\ipykernel_launcher.py,aleksa.milenovic,FINISHED,2.981496131737052,,,,,,,,,,,,,,,,,,,,,None,,,,,,,split_F_spel_T_lem.csv,,,,,,,,,,,,,,,,,,,,,False,,,,,,,,,,,,,,True,,,,,,,,,,,,,,,,,,,,,,,,,,,,,,,,,,,1,,,,,None,,,,,,,,,,,,,,,,,,,,,,,,,,1000,,,,,,,,,,,,,,,,,,auto,,,None,,,,,,,,,,,,,,,,,,,,,,l2,,,,,,,,,,,,,,None,,,,,,,,,,,,,,,,,,,,,,lbfgs,,,,,,,,15000,,,,0.0001,,,,,,,,,,,,,,,,,,,,,,0,,,False,,,,0.8918279569892473,0.8902338846224296,,0.8810874704491726,0.9007889546351086,449,557,0.8924808429118773,0.8912958626073381,0.8699813258636788,0.9104864433811802,3727,,4567,,,,
2023-11-22 16:58:31,22.6s,cface00084c447d78a35a6a212318d12,LogisticRegression_split_F_spel_T_stem_15000,LOCAL,d:\anaconda\Lib\site-packages\ipykernel_launcher.py,aleksa.milenovic,FINISHED,2.5548511024534526,,,,,,,,,,,,,,,,,,,,,None,,,,,,,split_F_spel_T_stem.csv,,,,,,,,,,,,,,,,,,,,,False,,,,,,,,,,,,,,True,,,,,,,,,,,,,,,,,,,,,,,,,,,,,,,,,,,1,,,,,None,,,,,,,,,,,,,,,,,,,,,,,,,,1000,,,,,,,,,,,,,,,,,,auto,,,None,,,,,,,,,,,,,,,,,,,,,,l2,,,,,,,,,,,,,,None,,,,,,,,,,,,,,,,,,,,,,newton-cg,,,,,,,,15000,,,,0.0001,,,,,,,,,,,,,,,,,,,,,,0,,,False,,,,0.8919354838709678,0.8900951130053297,,0.8807970584746768,0.9011702232274559,434,571,0.8953460332770677,0.8891907626625267,0.8667133520074697,0.9134768740031898,3713,,4582,,,,
2023-11-27 14:06:05,25.6s,e913c2367e87474c9a68f47120ae44ed,LogisticRegression_split_T_spel_T_lem_20000,LOCAL,d:\anaconda\Lib\site-packages\ipykernel_launcher.py,aleksa.milenovic,FINISHED,2.0453342290224032,,,,,,,,,,,,,,,,,,,,,None,,,,,,,split_T_spel_T_lem.csv,,,,,,,,,,,,,,,,,,,,,False,,,,,,,,,,,,,,True,,,,,,,,,,,,,,,,,,,,,,,,,,,,,,,,,,,1,,,,,None,,,,,,,,,,,,,,,,,,,,,,,,,,1000,,,,,,,,,,,,,,,,,,auto,,,None,,,,,,,,,,,,,,,,,,,,,,l2,,,,,,,,,,,,,,None,,,,,,,,,,,,,,,,,,,,,,lbfgs,,,,,,,,20000,,,,0.0001,,,,,,,,,,,,,,,,,,,,,,0,,,False,,,,0.8916129032258064,0.8899323285933194,,0.8807100591715977,0.9006896551724138,445,563,0.8931829092654825,0.8903389170237631,0.8685807656395892,0.9112838915470495,3721,,4571,,,,
2023-11-22 17:43:00,19.4s,737d4b918fbd41139e8b2eb37d403dab,LogisticRegression_split_T_spel_F_stem_25000,LOCAL,d:\anaconda\Lib\site-packages\ipykernel_launcher.py,aleksa.milenovic,FINISHED,2.4172987841125266,,,,,,,,,,,,,,,,,,,,,None,,,,,,,split_T_spel_F_stem.csv,,,,,,,,,,,,,,,,,,,,,False,,,,,,,,,,,,,,True,,,,,,,,,,,,,,,,,,,,,,,,,,,,,,,,,,,1,,,,,None,,,,,,,,,,,,,,,,,,,,,,,,,,461,,,,,,,,,,,,,,,,,,auto,,,None,,,,,,,,,,,,,,,,,,,,,,l2,,,,,,,,,,,,,,None,,,,,,,,,,,,,,,,,,,,,,newton-cg,,,,,,,,25000,,,,0.0001,,,,,,,,,,,,,,,,,,,,,,0,,,False,,,,0.8917204301075269,0.8898105893074933,,0.8804463967707467,0.9010513903900953,431,576,0.8958685672867842,0.8883937221468707,0.865546218487395,0.9140749601275917,3708,,4585,,,,
2023-11-27 14:01:16,25.7s,ce71c3cde4db48f3896ced7446693adf,LogisticRegression_split_T_spel_T_lem_15000,LOCAL,d:\anaconda\Lib\site-packages\ipykernel_launcher.py,aleksa.milenovic,FINISHED,2.065608969555259,,,,,,,,,,,,,,,,,,,,,None,,,,,,,split_T_spel_T_lem.csv,,,,,,,,,,,,,,,,,,,,,False,,,,,,,,,,,,,,True,,,,,,,,,,,,,,,,,,,,,,,,,,,,,,,,,,,1,,,,,None,,,,,,,,,,,,,,,,,,,,,,,,,,135,,,,,,,,,,,,,,,,,,auto,,,None,,,,,,,,,,,,,,,,,,,,,,l2,,,,,,,,,,,,,,None,,,,,,,,,,,,,,,,,,,,,,newton-cg,,,,,,,,15000,,,,0.0001,,,,,,,,,,,,,,,,,,,,,,0,,,False,,,,0.891505376344086,0.8897815505787643,,0.8805210183540557,0.9006400787789267,443,566,0.8935352078827205,0.8898618408250633,0.8678804855275444,0.9116826156299841,3718,,4573,,,,
2023-11-27 13:10:10,23.1s,b4f5be224b3d49a2811e5285e9af74be,LogisticRegression_split_F_spel_T_stem_25000,LOCAL,d:\anaconda\Lib\site-packages\ipykernel_launcher.py,aleksa.milenovic,FINISHED,2.041503417355016,,,,,,,,,,,,,,,,,,,,,None,,,,,,,split_F_spel_T_stem.csv,,,,,,,,,,,,,,,,,,,,,False,,,,,,,,,,,,,,True,,,,,,,,,,,,,,,,,,,,,,,,,,,,,,,,,,,1,,,,,None,,,,,,,,,,,,,,,,,,,,,,,,,,106,,,,,,,,,,,,,,,,,,auto,,,None,,,,,,,,,,,,,,,,,,,,,,l2,,,,,,,,,,,,,,None,,,,,,,,,,,,,,,,,,,,,,liblinear,,,,,,,,25000,,,,0.0001,,,,,,,,,,,,,,,,,,,,,,0,,,False,,,,0.891505376344086,0.889611227266026,,0.8802373887240357,0.9008353808353808,433,576,0.8954358850519198,0.8883504555146347,0.865546218487395,0.9136762360446571,3708,,4583,,,,
2023-11-22 16:39:33,21.0s,8700fd5ea69f468f8bbb071c92e593ee,LogisticRegression_split_F_spel_T_lem_15000,LOCAL,d:\anaconda\Lib\site-packages\ipykernel_launcher.py,aleksa.milenovic,FINISHED,3.2379195592372065,,,,,,,,,,,,,,,,,,,,,None,,,,,,,split_F_spel_T_lem.csv,,,,,,,,,,,,,,,,,,,,,False,,,,,,,,,,,,,,True,,,,,,,,,,,,,,,,,,,,,,,,,,,,,,,,,,,1,,,,,None,,,,,,,,,,,,,,,,,,,,,,,,,,1000,,,,,,,,,,,,,,,,,,auto,,,None,,,,,,,,,,,,,,,,,,,,,,l2,,,,,,,,,,,,,,None,,,,,,,,,,,,,,,,,,,,,,newton-cg,,,,,,,,15000,,,,0.0001,,,,,,,,,,,,,,,,,,,,,,0,,,False,,,,0.8911827956989248,0.8895847015042062,,0.8803782505910166,0.9001972386587771,452,560,0.8917624521072797,0.8907103825136612,0.869281045751634,0.9098883572567783,3724,,4564,,,,
2023-11-22 16:17:07,23.1s,19b439ed567d4723b1b1c2b6d5e5d1e3,LogisticRegression_split_F_spel_F_stem_10000,LOCAL,d:\anaconda\Lib\site-packages\ipykernel_launcher.py,aleksa.milenovic,FINISHED,2.298910647415938,,,,,,,,,,,,,,,,,,,,,None,,,,,,,split_F_spel_F_stem.csv,,,,,,,,,,,,,,,,,,,,,False,,,,,,,,,,,,,,True,,,,,,,,,,,,,,,,,,,,,,,,,,,,,,,,,,,1,,,,,None,,,,,,,,,,,,,,,,,,,,,,,,,,1000,,,,,,,,,,,,,,,,,,auto,,,None,,,,,,,,,,,,,,,,,,,,,,l2,,,,,,,,,,,,,,None,,,,,,,,,,,,,,,,,,,,,,newton-cg,,,,,,,,10000,,,,0.0001,,,,,,,,,,,,,,,,,,,,,,0,,,False,,,,0.8913978494623656,0.8895796755703876,,0.8802466208204885,0.9006492228998622,438,572,0.8944578313253012,0.8889320388349514,0.8664799253034547,0.9126794258373205,3712,,4578,,,,
2023-11-27 13:56:08,21.9s,f4d2090da58743009eaf73c29791e980,LogisticRegression_split_T_spel_T_lem_10000,LOCAL,d:\anaconda\Lib\site-packages\ipykernel_launcher.py,aleksa.milenovic,FINISHED,2.096907784088322,,,,,,,,,,,,,,,,,,,,,None,,,,,,,split_T_spel_T_lem.csv,,,,,,,,,,,,,,,,,,,,,False,,,,,,,,,,,,,,True,,,,,,,,,,,,,,,,,,,,,,,,,,,,,,,,,,,1,,,,,None,,,,,,,,,,,,,,,,,,,,,,,,,,1000,,,,,,,,,,,,,,,,,,auto,,,None,,,,,,,,,,,,,,,,,,,,,,l2,,,,,,,,,,,,,,None,,,,,,,,,,,,,,,,,,,,,,liblinear,,,,,,,,10000,,,,0.0001,,,,,,,,,,,,,,,,,,,,,,0,,,False,,,,0.8911827956989248,0.8893803135289203,,0.8800379326695116,0.9004329004329005,440,572,0.8940269749518305,0.8888888888888888,0.8664799253034547,0.9122807017543859,3712,,4576,,,,
2023-11-22 17:35:50,18.9s,3f93164c667943ce9976bb245ba757ec,LogisticRegression_split_T_spel_F_stem_15000,LOCAL,d:\anaconda\Lib\site-packages\ipykernel_launcher.py,aleksa.milenovic,FINISHED,2.4785790969373664,,,,,,,,,,,,,,,,,,,,,None,,,,,,,split_T_spel_F_stem.csv,,,,,,,,,,,,,,,,,,,,,False,,,,,,,,,,,,,,True,,,,,,,,,,,,,,,,,,,,,,,,,,,,,,,,,,,1,,,,,None,,,,,,,,,,,,,,,,,,,,,,,,,,1000,,,,,,,,,,,,,,,,,,auto,,,None,,,,,,,,,,,,,,,,,,,,,,l2,,,,,,,,,,,,,,None,,,,,,,,,,,,,,,,,,,,,,lbfgs,,,,,,,,15000,,,,0.0001,,,,,,,,,,,,,,,,,,,,,,0,,,False,,,,0.8911827956989248,0.8893292165350989,,0.8799525504151838,0.9004916420845624,437,575,0.8945972021225277,0.8884361660845945,0.8657796451914099,0.9128787878787878,3709,,4579,,,,
2023-11-22 18:12:43,23.8s,3ca0ee1f95ed420f982047dce2cdde78,LogisticRegression_split_T_spel_T_stem_15000,LOCAL,d:\anaconda\Lib\site-packages\ipykernel_launcher.py,aleksa.milenovic,FINISHED,1.7541173540607105,,,,,,,,,,,,,,,,,,,,,None,,,,,,,split_T_spel_T_stem.csv,,,,,,,,,,,,,,,,,,,,,False,,,,,,,,,,,,,,True,,,,,,,,,,,,,,,,,,,,,,,,,,,,,,,,,,,1,,,,,None,,,,,,,,,,,,,,,,,,,,,,,,,,100,,,,,,,,,,,,,,,,,,auto,,,None,,,,,,,,,,,,,,,,,,,,,,l2,,,,,,,,,,,,,,None,,,,,,,,,,,,,,,,,,,,,,lbfgs,,,,,,,,15000,,,,0.0001,,,,,,,,,,,,,,,,,,,,,,0,,,False,,,,0.8913978494623656,0.8893241906012804,,0.8798191337458353,0.9009415457041978,423,587,0.8973300970873787,0.8866795366795367,0.8629785247432307,0.9156698564593302,3697,,4593,,,,
2023-11-27 11:53:29,26.6s,c5c2517c4b7642eca41551eaab8b24e2,LogisticRegression_split_F_spel_F_lem_10000,LOCAL,d:\anaconda\Lib\site-packages\ipykernel_launcher.py,aleksa.milenovic,FINISHED,1.8393156822773873,,,,,,,,,,,,,,,,,,,,,None,,,,,,,split_F_spel_F_lem.csv,,,,,,,,,,,,,,,,,,,,,False,,,,,,,,,,,,,,True,,,,,,,,,,,,,,,,,,,,,,,,,,,,,,,,,,,1,,,,,None,,,,,,,,,,,,,,,,,,,,,,,,,,100,,,,,,,,,,,,,,,,,,auto,,,None,,,,,,,,,,,,,,,,,,,,,,l2,,,,,,,,,,,,,,None,,,,,,,,,,,,,,,,,,,,,,lbfgs,,,,,,,,10000,,,,0.0001,,,,,,,,,,,,,,,,,,,,,,0,,,False,,,,0.8909677419354839,0.8891809514874531,,0.8798293434463141,0.9002164928163747,442,572,0.8935965334617236,0.8888457054022542,0.8664799253034547,0.9118819776714514,3712,,4574,,,,
2023-11-22 15:56:55,21.7s,03d6b5849ab1497a9581642291df3ee1,LogisticRegression_split_F_spel_F_lem_10000,LOCAL,d:\anaconda\Lib\site-packages\ipykernel_launcher.py,aleksa.milenovic,FINISHED,1.897302675549514,,,,,,,,,,,,,,,,,,,,,None,,,,,,,split_F_spel_F_lem.csv,,,,,,,,,,,,,,,,,,,,,False,,,,,,,,,,,,,,True,,,,,,,,,,,,,,,,,,,,,,,,,,,,,,,,,,,1,,,,,None,,,,,,,,,,,,,,,,,,,,,,,,,,1000,,,,,,,,,,,,,,,,,,auto,,,None,,,,,,,,,,,,,,,,,,,,,,l2,,,,,,,,,,,,,,None,,,,,,,,,,,,,,,,,,,,,,newton-cg,,,,,,,,10000,,,,0.0001,,,,,,,,,,,,,,,,,,,,,,0,,,False,,,,0.890752688172043,0.888964557114712,,0.8795923204550841,0.900019681165125,443,573,0.8933558016369764,0.8886513797123979,0.8662464985994398,0.9116826156299841,3711,,4573,,,,
2023-11-27 12:59:05,22.4s,cb3b64ead50f4db2846de74d93f8ed5c,LogisticRegression_split_F_spel_T_stem_15000,LOCAL,d:\anaconda\Lib\site-packages\ipykernel_launcher.py,aleksa.milenovic,FINISHED,1.7605294863190732,,,,,,,,,,,,,,,,,,,,,None,,,,,,,split_F_spel_T_stem.csv,,,,,,,,,,,,,,,,,,,,,False,,,,,,,,,,,,,,True,,,,,,,,,,,,,,,,,,,,,,,,,,,,,,,,,,,1,,,,,None,,,,,,,,,,,,,,,,,,,,,,,,,,1000,,,,,,,,,,,,,,,,,,auto,,,None,,,,,,,,,,,,,,,,,,,,,,l2,,,,,,,,,,,,,,None,,,,,,,,,,,,,,,,,,,,,,newton-cg,,,,,,,,15000,,,,0.0001,,,,,,,,,,,,,,,,,,,,,,0,,,False,,,,0.890752688172043,0.8887431368081523,,0.8792201616737993,0.9002748331370238,430,586,0.8958333333333334,0.8866976024748646,0.8632119514472456,0.914274322169059,3698,,4586,,,,
2023-11-22 17:32:39,22.2s,17226b7bf5964daca31f7e695bad1cb1,LogisticRegression_split_T_spel_F_stem_10000,LOCAL,d:\anaconda\Lib\site-packages\ipykernel_launcher.py,aleksa.milenovic,FINISHED,2.30513974611965,,,,,,,,,,,,,,,,,,,,,None,,,,,,,split_T_spel_F_stem.csv,,,,,,,,,,,,,,,,,,,,,False,,,,,,,,,,,,,,True,,,,,,,,,,,,,,,,,,,,,,,,,,,,,,,,,,,1,,,,,None,,,,,,,,,,,,,,,,,,,,,,,,,,100,,,,,,,,,,,,,,,,,,auto,,,None,,,,,,,,,,,,,,,,,,,,,,l2,,,,,,,,,,,,,,None,,,,,,,,,,,,,,,,,,,,,,liblinear,,,,,,,,10000,,,,0.0001,,,,,,,,,,,,,,,,,,,,,,0,,,False,,,,0.8904301075268817,0.8885973847274158,,0.8791651843946402,0.899773777908921,442,577,0.893468305615811,0.8879829159386526,0.86531279178338,0.9118819776714514,3707,,4574,,,,
2023-11-27 12:31:43,22.6s,7e13037f264d413bafce936ad4977293,LogisticRegression_split_F_spel_T_lem_10000,LOCAL,d:\anaconda\Lib\site-packages\ipykernel_launcher.py,aleksa.milenovic,FINISHED,2.6505237930425474,,,,,,,,,,,,,,,,,,,,,None,,,,,,,split_F_spel_T_lem.csv,,,,,,,,,,,,,,,,,,,,,False,,,,,,,,,,,,,,True,,,,,,,,,,,,,,,,,,,,,,,,,,,,,,,,,,,1,,,,,None,,,,,,,,,,,,,,,,,,,,,,,,,,100,,,,,,,,,,,,,,,,,,auto,,,None,,,,,,,,,,,,,,,,,,,,,,l2,,,,,,,,,,,,,,None,,,,,,,,,,,,,,,,,,,,,,newton-cg,,,,,,,,10000,,,,0.0001,,,,,,,,,,,,,,,,,,,,,,0,,,False,,,,0.89,0.8885052426074098,,0.8792635430190016,0.8989829169546757,464,559,0.8892337073287181,0.8906280571316768,0.869514472455649,0.9074960127591707,3725,,4552,,,,
2023-11-22 17:50:56,18.3s,78d0307f2d2e4b7ea5fa10082ac2d437,LogisticRegression_split_T_spel_T_lem_10000,LOCAL,d:\anaconda\Lib\site-packages\ipykernel_launcher.py,aleksa.milenovic,FINISHED,1.8556558328048227,,,,,,,,,,,,,,,,,,,,,None,,,,,,,split_T_spel_T_lem.csv,,,,,,,,,,,,,,,,,,,,,False,,,,,,,,,,,,,,True,,,,,,,,,,,,,,,,,,,,,,,,,,,,,,,,,,,1,,,,,None,,,,,,,,,,,,,,,,,,,,,,,,,,1000,,,,,,,,,,,,,,,,,,auto,,,None,,,,,,,,,,,,,,,,,,,,,,l2,,,,,,,,,,,,,,None,,,,,,,,,,,,,,,,,,,,,,lbfgs,,,,,,,,10000,,,,0.0001,,,,,,,,,,,,,,,,,,,,,,0,,,False,,,,0.8901075268817205,0.8882983416652148,,0.8788525367472736,0.8994490358126722,445,577,0.8928227360308285,0.8879176379176379,0.86531279178338,0.9112838915470495,3707,,4571,,,,
2023-11-27 12:12:21,32.6s,c835b9d72ac14b0cac538e280a5eb173,LogisticRegression_split_F_spel_F_stem_10000,LOCAL,d:\anaconda\Lib\site-packages\ipykernel_launcher.py,aleksa.milenovic,FINISHED,1.5510100384572765,,,,,,,,,,,,,,,,,,,,,None,,,,,,,split_F_spel_F_stem.csv,,,,,,,,,,,,,,,,,,,,,False,,,,,,,,,,,,,,True,,,,,,,,,,,,,,,,,,,,,,,,,,,,,,,,,,,1,,,,,None,,,,,,,,,,,,,,,,,,,,,,,,,,1000,,,,,,,,,,,,,,,,,,auto,,,None,,,,,,,,,,,,,,,,,,,,,,l2,,,,,,,,,,,,,,None,,,,,,,,,,,,,,,,,,,,,,liblinear,,,,,,,,10000,,,,0.0001,,,,,,,,,,,,,,,,,,,,,,0,,,False,,,,0.8902150537634409,0.8882106670419364,,0.8786401996909545,0.8997742220477079,433,588,0.8951319932186971,0.8862889189711854,0.8627450980392157,0.9136762360446571,3696,,4583,,,,
2023-11-27 13:40:40,23.9s,2d92d4ac8233495b951bbaf06444db4e,LogisticRegression_split_T_spel_F_stem_15000,LOCAL,d:\anaconda\Lib\site-packages\ipykernel_launcher.py,aleksa.milenovic,FINISHED,1.5430255253383238,,,,,,,,,,,,,,,,,,,,,None,,,,,,,split_T_spel_F_stem.csv,,,,,,,,,,,,,,,,,,,,,False,,,,,,,,,,,,,,True,,,,,,,,,,,,,,,,,,,,,,,,,,,,,,,,,,,1,,,,,None,,,,,,,,,,,,,,,,,,,,,,,,,,100,,,,,,,,,,,,,,,,,,auto,,,None,,,,,,,,,,,,,,,,,,,,,,l2,,,,,,,,,,,,,,None,,,,,,,,,,,,,,,,,,,,,,liblinear,,,,,,,,15000,,,,0.0001,,,,,,,,,,,,,,,,,,,,,,0,,,False,,,,0.8903225806451613,0.8881740894124796,,0.8785135778942355,0.9000392003136026,424,596,0.896887159533074,0.8851195065535852,0.8608776844070962,0.9154704944178629,3688,,4592,,,,
2023-11-27 14:15:57,26.4s,7cabe03fdac14af1956d3f34f5eb15a5,LogisticRegression_split_T_spel_T_stem_10000,LOCAL,d:\anaconda\Lib\site-packages\ipykernel_launcher.py,aleksa.milenovic,FINISHED,1.632663672535016,,,,,,,,,,,,,,,,,,,,,None,,,,,,,split_T_spel_T_stem.csv,,,,,,,,,,,,,,,,,,,,,False,,,,,,,,,,,,,,True,,,,,,,,,,,,,,,,,,,,,,,,,,,,,,,,,,,1,,,,,None,,,,,,,,,,,,,,,,,,,,,,,,,,1000,,,,,,,,,,,,,,,,,,auto,,,None,,,,,,,,,,,,,,,,,,,,,,l2,,,,,,,,,,,,,,None,,,,,,,,,,,,,,,,,,,,,,lbfgs,,,,,,,,10000,,,,0.0001,,,,,,,,,,,,,,,,,,,,,,0,,,False,,,,0.889247311827957,0.8871091498800477,,0.877351750416766,0.8990394040384238,430,600,0.895478852698104,0.8843038951021982,0.8599439775910365,0.914274322169059,3684,,4586,,,,
2023-11-22 16:35:45,20.3s,f18e20d41e814cb9864bd7c53a707e8e,LogisticRegression_split_F_spel_T_lem_10000,LOCAL,d:\anaconda\Lib\site-packages\ipykernel_launcher.py,aleksa.milenovic,FINISHED,1.6077116253314214,,,,,,,,,,,,,,,,,,,,,None,,,,,,,split_F_spel_T_lem.csv,,,,,,,,,,,,,,,,,,,,,False,,,,,,,,,,,,,,True,,,,,,,,,,,,,,,,,,,,,,,,,,,,,,,,,,,1,,,,,None,,,,,,,,,,,,,,,,,,,,,,,,,,1000,,,,,,,,,,,,,,,,,,auto,,,None,,,,,,,,,,,,,,,,,,,,,,l2,,,,,,,,,,,,,,None,,,,,,,,,,,,,,,,,,,,,,lbfgs,,,,,,,,10000,,,,0.0001,,,,,,,,,,,,,,,,,,,,,,0,,,False,,,,0.8888172043010752,0.8870681047538633,,0.8775461866414022,0.8981882630957069,455,579,0.890625,0.8873540856031128,0.8648459383753502,0.9092902711323764,3705,,4561,,,,
2023-11-27 12:53:23,25.8s,233a565204514a46b3c069baa4f5fb0a,LogisticRegression_split_F_spel_T_stem_10000,LOCAL,d:\anaconda\Lib\site-packages\ipykernel_launcher.py,aleksa.milenovic,FINISHED,1.554201412055242,,,,,,,,,,,,,,,,,,,,,None,,,,,,,split_F_spel_T_stem.csv,,,,,,,,,,,,,,,,,,,,,False,,,,,,,,,,,,,,True,,,,,,,,,,,,,,,,,,,,,,,,,,,,,,,,,,,1,,,,,None,,,,,,,,,,,,,,,,,,,,,,,,,,1000,,,,,,,,,,,,,,,,,,auto,,,None,,,,,,,,,,,,,,,,,,,,,,l2,,,,,,,,,,,,,,None,,,,,,,,,,,,,,,,,,,,,,newton-cg,,,,,,,,10000,,,,0.0001,,,,,,,,,,,,,,,,,,,,,,0,,,False,,,,0.8887096774193548,0.8866277771076533,,0.876859012492564,0.8984796468857283,436,599,0.8942004367871875,0.8843406062946515,0.8601774042950514,0.9130781499202552,3685,,4580,,,,
2023-11-22 18:09:25,18.2s,94b11888ebc9417bafc61d010af90016,LogisticRegression_split_T_spel_T_stem_10000,LOCAL,d:\anaconda\Lib\site-packages\ipykernel_launcher.py,aleksa.milenovic,FINISHED,1.3794238417581917,,,,,,,,,,,,,,,,,,,,,None,,,,,,,split_T_spel_T_stem.csv,,,,,,,,,,,,,,,,,,,,,False,,,,,,,,,,,,,,True,,,,,,,,,,,,,,,,,,,,,,,,,,,,,,,,,,,1,,,,,None,,,,,,,,,,,,,,,,,,,,,,,,,,100,,,,,,,,,,,,,,,,,,auto,,,None,,,,,,,,,,,,,,,,,,,,,,l2,,,,,,,,,,,,,,None,,,,,,,,,,,,,,,,,,,,,,newton-cg,,,,,,,,10000,,,,0.0001,,,,,,,,,,,,,,,,,,,,,,0,,,False,,,,0.888494623655914,0.8862580917534477,,0.876356265649219,0.8984627435621267,428,609,0.8956860833536436,0.8828170098133539,0.8578431372549019,0.9146730462519936,3675,,4588,,,,
2023-11-27 13:36:04,23.9s,8c9e60d08e0242cda91152256167e4e7,LogisticRegression_split_T_spel_F_stem_10000,LOCAL,d:\anaconda\Lib\site-packages\ipykernel_launcher.py,aleksa.milenovic,FINISHED,1.3934728661058144,,,,,,,,,,,,,,,,,,,,,None,,,,,,,split_T_spel_F_stem.csv,,,,,,,,,,,,,,,,,,,,,False,,,,,,,,,,,,,,True,,,,,,,,,,,,,,,,,,,,,,,,,,,,,,,,,,,1,,,,,None,,,,,,,,,,,,,,,,,,,,,,,,,,100,,,,,,,,,,,,,,,,,,auto,,,None,,,,,,,,,,,,,,,,,,,,,,l2,,,,,,,,,,,,,,None,,,,,,,,,,,,,,,,,,,,,,lbfgs,,,,,,,,10000,,,,0.0001,,,,,,,,,,,,,,,,,,,,,,0,,,False,,,,0.8880645161290323,0.8860296909832515,,0.8762335037450958,0.8978309942094416,442,599,0.8929004119214926,0.8842064566015851,0.8601774042950514,0.9118819776714514,3685,,4574,,,,
2023-11-22 16:55:04,23.4s,d12b91a0384748c8b40f5e94cb8d6859,LogisticRegression_split_F_spel_T_stem_10000,LOCAL,d:\anaconda\Lib\site-packages\ipykernel_launcher.py,aleksa.milenovic,FINISHED,1.3916633413002693,,,,,,,,,,,,,,,,,,,,,None,,,,,,,split_F_spel_T_stem.csv,,,,,,,,,,,,,,,,,,,,,False,,,,,,,,,,,,,,True,,,,,,,,,,,,,,,,,,,,,,,,,,,,,,,,,,,1,,,,,None,,,,,,,,,,,,,,,,,,,,,,,,,,1000,,,,,,,,,,,,,,,,,,auto,,,None,,,,,,,,,,,,,,,,,,,,,,l2,,,,,,,,,,,,,,None,,,,,,,,,,,,,,,,,,,,,,newton-cg,,,,,,,,10000,,,,0.0001,,,,,,,,,,,,,,,,,,,,,,0,,,False,,,,0.8877419354838709,0.8856454862646812,,0.8757734412184673,0.8976069046684975,440,604,0.8932038834951457,0.8833976833976834,0.8590102707749766,0.9122807017543859,3680,,4576,,,,
2023-11-22 17:10:09,18.2s,13f6160e424a401bb0c919da6349fefd,LogisticRegression_split_T_spel_F_lem_5000,LOCAL,d:\anaconda\Lib\site-packages\ipykernel_launcher.py,aleksa.milenovic,FINISHED,1.6057575627623517,,,,,,,,,,,,,,,,,,,,,None,,,,,,,split_T_spel_F_lem.csv,,,,,,,,,,,,,,,,,,,,,False,,,,,,,,,,,,,,True,,,,,,,,,,,,,,,,,,,,,,,,,,,,,,,,,,,1,,,,,None,,,,,,,,,,,,,,,,,,,,,,,,,,1000,,,,,,,,,,,,,,,,,,auto,,,None,,,,,,,,,,,,,,,,,,,,,,l2,,,,,,,,,,,,,,None,,,,,,,,,,,,,,,,,,,,,,lbfgs,,,,,,,,5000,,,,0.0001,,,,,,,,,,,,,,,,,,,,,,0,,,False,,,,0.8838709677419355,0.8820229048557222,,0.8719772403982929,0.8937426210153483,474,606,0.8858381502890174,0.8822843822843823,0.8585434173669467,0.9055023923444976,3678,,4542,,,,
2023-11-22 16:13:21,23.4s,8c3b406f07824285b3e3c9fdb1d07792,LogisticRegression_split_F_spel_F_stem_5000,LOCAL,d:\anaconda\Lib\site-packages\ipykernel_launcher.py,aleksa.milenovic,FINISHED,1.8319979843683276,,,,,,,,,,,,,,,,,,,,,None,,,,,,,split_F_spel_F_stem.csv,,,,,,,,,,,,,,,,,,,,,False,,,,,,,,,,,,,,True,,,,,,,,,,,,,,,,,,,,,,,,,,,,,,,,,,,1,,,,,None,,,,,,,,,,,,,,,,,,,,,,,,,,100,,,,,,,,,,,,,,,,,,auto,,,None,,,,,,,,,,,,,,,,,,,,,,l2,,,,,,,,,,,,,,None,,,,,,,,,,,,,,,,,,,,,,lbfgs,,,,,,,,5000,,,,0.0001,,,,,,,,,,,,,,,,,,,,,,0,,,False,,,,0.8829032258064516,0.880972484687655,,0.8707725169099324,0.8929519315836038,474,615,0.8855901520637219,0.8807446189645143,0.8564425770308123,0.9055023923444976,3669,,4542,,,,
2023-11-22 18:05:44,19.4s,43f57e7024014cea9a370fbdc5eb38eb,LogisticRegression_split_T_spel_T_stem_5000,LOCAL,d:\anaconda\Lib\site-packages\ipykernel_launcher.py,aleksa.milenovic,FINISHED,1.4110424494229046,,,,,,,,,,,,,,,,,,,,,None,,,,,,,split_T_spel_T_stem.csv,,,,,,,,,,,,,,,,,,,,,False,,,,,,,,,,,,,,True,,,,,,,,,,,,,,,,,,,,,,,,,,,,,,,,,,,1,,,,,None,,,,,,,,,,,,,,,,,,,,,,,,,,1000,,,,,,,,,,,,,,,,,,auto,,,None,,,,,,,,,,,,,,,,,,,,,,l2,,,,,,,,,,,,,,None,,,,,,,,,,,,,,,,,,,,,,lbfgs,,,,,,,,5000,,,,0.0001,,,,,,,,,,,,,,,,,,,,,,0,,,False,,,,0.8829032258064516,0.8809043553625597,,0.8706497208694619,0.8930360475395344,470,619,0.8863361547762999,0.8801548886737657,0.8555088702147525,0.9062998405103668,3665,,4546,,,,
2023-11-22 16:32:43,20.0s,36c6044c292f49188968080922fabd5b,LogisticRegression_split_F_spel_T_lem_5000,LOCAL,d:\anaconda\Lib\site-packages\ipykernel_launcher.py,aleksa.milenovic,FINISHED,1.751429753642297,,,,,,,,,,,,,,,,,,,,,None,,,,,,,split_F_spel_T_lem.csv,,,,,,,,,,,,,,,,,,,,,False,,,,,,,,,,,,,,True,,,,,,,,,,,,,,,,,,,,,,,,,,,,,,,,,,,1,,,,,None,,,,,,,,,,,,,,,,,,,,,,,,,,1000,,,,,,,,,,,,,,,,,,auto,,,None,,,,,,,,,,,,,,,,,,,,,,l2,,,,,,,,,,,,,,None,,,,,,,,,,,,,,,,,,,,,,lbfgs,,,,,,,,5000,,,,0.0001,,,,,,,,,,,,,,,,,,,,,,0,,,False,,,,0.8826881720430108,0.8808753166338306,,0.8707499111479682,0.8926075401122158,482,609,0.8840509983160934,0.8815866225938168,0.8578431372549019,0.9039074960127592,3675,,4534,,,,
2023-11-22 17:47:58,16.8s,f955446852604d2d953ecebeb293cce1,LogisticRegression_split_T_spel_T_lem_5000,LOCAL,d:\anaconda\Lib\site-packages\ipykernel_launcher.py,aleksa.milenovic,FINISHED,1.8058307027149016,,,,,,,,,,,,,,,,,,,,,None,,,,,,,split_T_spel_T_lem.csv,,,,,,,,,,,,,,,,,,,,,False,,,,,,,,,,,,,,True,,,,,,,,,,,,,,,,,,,,,,,,,,,,,,,,,,,1,,,,,None,,,,,,,,,,,,,,,,,,,,,,,,,,100,,,,,,,,,,,,,,,,,,auto,,,None,,,,,,,,,,,,,,,,,,,,,,l2,,,,,,,,,,,,,,None,,,,,,,,,,,,,,,,,,,,,,lbfgs,,,,,,,,5000,,,,0.0001,,,,,,,,,,,,,,,,,,,,,,0,,,False,,,,0.8825806451612903,0.8807415709505493,,0.8705854467883385,0.8925408384176343,481,611,0.8842079922965816,0.8812670034978625,0.857376283846872,0.9041068580542265,3673,,4535,,,,
2023-11-22 17:28:58,19.7s,364f8524237d4f4f82542dfaffa3407e,LogisticRegression_split_T_spel_F_stem_5000,LOCAL,d:\anaconda\Lib\site-packages\ipykernel_launcher.py,aleksa.milenovic,FINISHED,1.3847358539527281,,,,,,,,,,,,,,,,,,,,,None,,,,,,,split_T_spel_F_stem.csv,,,,,,,,,,,,,,,,,,,,,False,,,,,,,,,,,,,,True,,,,,,,,,,,,,,,,,,,,,,,,,,,,,,,,,,,1,,,,,None,,,,,,,,,,,,,,,,,,,,,,,,,,100,,,,,,,,,,,,,,,,,,auto,,,None,,,,,,,,,,,,,,,,,,,,,,l2,,,,,,,,,,,,,,None,,,,,,,,,,,,,,,,,,,,,,newton-cg,,,,,,,,5000,,,,0.0001,,,,,,,,,,,,,,,,,,,,,,0,,,False,,,,0.8823655913978494,0.8802015622836057,,0.8697619047619048,0.8927450980392156,463,631,0.8875121477162293,0.8782793209876543,0.8527077497665733,0.907695374800638,3653,,4553,,,,
2023-11-22 16:51:48,20.0s,03cc02e6f99a444091cb4150d5e87c05,LogisticRegression_split_F_spel_T_stem_5000,LOCAL,d:\anaconda\Lib\site-packages\ipykernel_launcher.py,aleksa.milenovic,FINISHED,1.4935260488671884,,,,,,,,,,,,,,,,,,,,,None,,,,,,,split_F_spel_T_stem.csv,,,,,,,,,,,,,,,,,,,,,False,,,,,,,,,,,,,,True,,,,,,,,,,,,,,,,,,,,,,,,,,,,,,,,,,,1,,,,,None,,,,,,,,,,,,,,,,,,,,,,,,,,1000,,,,,,,,,,,,,,,,,,auto,,,None,,,,,,,,,,,,,,,,,,,,,,l2,,,,,,,,,,,,,,None,,,,,,,,,,,,,,,,,,,,,,newton-cg,,,,,,,,5000,,,,0.0001,,,,,,,,,,,,,,,,,,,,,,0,,,False,,,,0.8820430107526882,0.8801580041905119,,0.8699158069488914,0.8921018982984166,481,616,0.8840684502289708,0.8804115705688216,0.8562091503267973,0.9041068580542265,3668,,4535,,,,
2023-11-22 15:52:35,23.1s,4ab14957821f445290d9e64a8ffb3e63,LogisticRegression_split_F_spel_F_lem_5000,LOCAL,d:\anaconda\Lib\site-packages\ipykernel_launcher.py,aleksa.milenovic,FINISHED,1.0902264212470445,,,,,,,,,,,,,,,,,,,,,None,,,,,,,split_F_spel_F_lem.csv,,,,,,,,,,,,,,,,,,,,,False,,,,,,,,,,,,,,True,,,,,,,,,,,,,,,,,,,,,,,,,,,,,,,,,,,1,,,,,None,,,,,,,,,,,,,,,,,,,,,,,,,,1000,,,,,,,,,,,,,,,,,,auto,,,None,,,,,,,,,,,,,,,,,,,,,,l2,,,,,,,,,,,,,,None,,,,,,,,,,,,,,,,,,,,,,newton-cg,,,,,,,,5000,,,,0.0001,,,,,,,,,,,,,,,,,,,,,,0,,,False,,,,0.8810752688172043,0.87917571334754,,0.8688330170777989,0.8912273800157356,485,621,0.883076181292189,0.8794642857142857,0.8550420168067226,0.9033094098883573,3663,,4531,,,,
2023-11-22 17:25:54,15.2s,e99586c023ad42ee843cb792c574c0e1,LogisticRegression_split_T_spel_F_stem_1000,LOCAL,d:\anaconda\Lib\site-packages\ipykernel_launcher.py,aleksa.milenovic,FINISHED,1.5492931344216236,,,,,,,,,,,,,,,,,,,,,None,,,,,,,split_T_spel_F_stem.csv,,,,,,,,,,,,,,,,,,,,,False,,,,,,,,,,,,,,True,,,,,,,,,,,,,,,,,,,,,,,,,,,,,,,,,,,1,,,,,None,,,,,,,,,,,,,,,,,,,,,,,,,,1000,,,,,,,,,,,,,,,,,,auto,,,None,,,,,,,,,,,,,,,,,,,,,,l2,,,,,,,,,,,,,,None,,,,,,,,,,,,,,,,,,,,,,newton-cg,,,,,,,,1000,,,,0.0001,,,,,,,,,,,,,,,,,,,,,,0,,,False,,,,0.8635483870967742,0.8614629264784064,,0.8493410898729669,0.8753070649503782,562,707,0.8642184102440202,0.8630110443712459,0.8349673202614379,0.8879585326953748,3577,,4454,,,,
2023-11-22 16:10:26,16.7s,00028f02fda1448e9f757ae975c6f4fd,LogisticRegression_split_F_spel_F_stem_1000,LOCAL,d:\anaconda\Lib\site-packages\ipykernel_launcher.py,aleksa.milenovic,FINISHED,2.1748271192014537,,,,,,,,,,,,,,,,,,,,,None,,,,,,,split_F_spel_F_stem.csv,,,,,,,,,,,,,,,,,,,,,False,,,,,,,,,,,,,,True,,,,,,,,,,,,,,,,,,,,,,,,,,,,,,,,,,,1,,,,,None,,,,,,,,,,,,,,,,,,,,,,,,,,100,,,,,,,,,,,,,,,,,,auto,,,None,,,,,,,,,,,,,,,,,,,,,,l2,,,,,,,,,,,,,,None,,,,,,,,,,,,,,,,,,,,,,lbfgs,,,,,,,,1000,,,,0.0001,,,,,,,,,,,,,,,,,,,,,,0,,,False,,,,0.8629032258064516,0.8608478080227306,,0.8487006051975792,0.8746682394573873,567,708,0.8631426502534395,0.8627108784176847,0.834733893557423,0.8869617224880383,3576,,4449,,,,
2023-11-22 18:03:03,14.1s,0779f4747d2a4020a00b5ce50b204df1,LogisticRegression_split_T_spel_T_stem_1000,LOCAL,d:\anaconda\Lib\site-packages\ipykernel_launcher.py,aleksa.milenovic,FINISHED,2.224459696801683,,,,,,,,,,,,,,,,,,,,,None,,,,,,,split_T_spel_T_stem.csv,,,,,,,,,,,,,,,,,,,,,False,,,,,,,,,,,,,,True,,,,,,,,,,,,,,,,,,,,,,,,,,,,,,,,,,,1,,,,,None,,,,,,,,,,,,,,,,,,,,,,,,,,928,,,,,,,,,,,,,,,,,,auto,,,None,,,,,,,,,,,,,,,,,,,,,,l2,,,,,,,,,,,,,,None,,,,,,,,,,,,,,,,,,,,,,newton-cg,,,,,,,,1000,,,,0.0001,,,,,,,,,,,,,,,,,,,,,,0,,,False,,,,0.8626881720430107,0.860682510643811,,0.848571089766394,0.8743975607357136,571,706,0.8623764762593396,0.8629392350999806,0.8352007469654529,0.886164274322169,3578,,4445,,,,
2023-11-22 16:48:43,14.4s,be4d0e007acd4928aec5bb1ffea1fc96,LogisticRegression_split_F_spel_T_stem_1000,LOCAL,d:\anaconda\Lib\site-packages\ipykernel_launcher.py,aleksa.milenovic,FINISHED,1.037690782829493,,,,,,,,,,,,,,,,,,,,,None,,,,,,,split_F_spel_T_stem.csv,,,,,,,,,,,,,,,,,,,,,False,,,,,,,,,,,,,,True,,,,,,,,,,,,,,,,,,,,,,,,,,,,,,,,,,,1,,,,,None,,,,,,,,,,,,,,,,,,,,,,,,,,100,,,,,,,,,,,,,,,,,,auto,,,None,,,,,,,,,,,,,,,,,,,,,,l2,,,,,,,,,,,,,,None,,,,,,,,,,,,,,,,,,,,,,newton-cg,,,,,,,,1000,,,,0.0001,,,,,,,,,,,,,,,,,,,,,,0,,,False,,,,0.8620430107526882,0.8598459718815756,,0.8474616573534657,0.8740798900775345,563,720,0.8635812939181003,0.860815774212256,0.8319327731092437,0.8877591706539075,3564,,4453,,,,
2023-11-22 15:49:22,19.5s,3421662d00254b5d805fc47604126046,LogisticRegression_split_F_spel_F_lem_1000,LOCAL,d:\anaconda\Lib\site-packages\ipykernel_launcher.py,aleksa.milenovic,FINISHED,0.8519525368782276,,,,,,,,,,,,,,,,,,,,,None,,,,,,,split_F_spel_F_lem.csv,,,,,,,,,,,,,,,,,,,,,False,,,,,,,,,,,,,,True,,,,,,,,,,,,,,,,,,,,,,,,,,,,,,,,,,,1,,,,,None,,,,,,,,,,,,,,,,,,,,,,,,,,100,,,,,,,,,,,,,,,,,,auto,,,None,,,,,,,,,,,,,,,,,,,,,,l2,,,,,,,,,,,,,,None,,,,,,,,,,,,,,,,,,,,,,newton-cg,,,,,,,,1000,,,,0.0001,,,,,,,,,,,,,,,,,,,,,,0,,,False,,,,0.8609677419354839,0.8589683879931558,,0.8467101363366925,0.872798819478603,580,713,0.8602746326186461,0.8615265100019421,0.8335667600373483,0.8843700159489634,3571,,4436,,,,
2023-11-22 17:07:18,12.9s,03d34077d2714403bf7dca2c68bc1b11,LogisticRegression_split_T_spel_F_lem_1000,LOCAL,d:\anaconda\Lib\site-packages\ipykernel_launcher.py,aleksa.milenovic,FINISHED,0.5286771912347834,,,,,,,,,,,,,,,,,,,,,None,,,,,,,split_T_spel_F_lem.csv,,,,,,,,,,,,,,,,,,,,,False,,,,,,,,,,,,,,True,,,,,,,,,,,,,,,,,,,,,,,,,,,,,,,,,,,1,,,,,None,,,,,,,,,,,,,,,,,,,,,,,,,,100,,,,,,,,,,,,,,,,,,auto,,,None,,,,,,,,,,,,,,,,,,,,,,l2,,,,,,,,,,,,,,None,,,,,,,,,,,,,,,,,,,,,,lbfgs,,,,,,,,1000,,,,0.0001,,,,,,,,,,,,,,,,,,,,,,0,,,False,,,,0.8595698924731183,0.857331888098142,,0.8446717411988582,0.8718602825745683,573,733,0.8610572259941804,0.8583848531684699,0.8288982259570495,0.8857655502392344,3551,,4443,,,,
2023-11-22 16:30:02,14.4s,83d0c398b9c0469fb35ab434437ce174,LogisticRegression_split_F_spel_T_lem_1000,LOCAL,d:\anaconda\Lib\site-packages\ipykernel_launcher.py,aleksa.milenovic,FINISHED,0.8288073978224545,,,,,,,,,,,,,,,,,,,,,None,,,,,,,split_F_spel_T_lem.csv,,,,,,,,,,,,,,,,,,,,,False,,,,,,,,,,,,,,True,,,,,,,,,,,,,,,,,,,,,,,,,,,,,,,,,,,1,,,,,None,,,,,,,,,,,,,,,,,,,,,,,,,,1000,,,,,,,,,,,,,,,,,,auto,,,None,,,,,,,,,,,,,,,,,,,,,,l2,,,,,,,,,,,,,,None,,,,,,,,,,,,,,,,,,,,,,newton-cg,,,,,,,,1000,,,,0.0001,,,,,,,,,,,,,,,,,,,,,,0,,,False,,,,0.8587096774193549,0.8565855369260942,,0.8439800522441225,0.8708980153271764,584,730,0.8588690188496858,0.8585819449825649,0.8295985060690944,0.8835725677830941,3554,,4432,,,,
2023-11-22 17:45:05,13.0s,6bb964c95930404e93657b7acb0c62b0,LogisticRegression_split_T_spel_T_lem_1000,LOCAL,d:\anaconda\Lib\site-packages\ipykernel_launcher.py,aleksa.milenovic,FINISHED,0.5782125992609092,,,,,,,,,,,,,,,,,,,,,None,,,,,,,split_T_spel_T_lem.csv,,,,,,,,,,,,,,,,,,,,,False,,,,,,,,,,,,,,True,,,,,,,,,,,,,,,,,,,,,,,,,,,,,,,,,,,1,,,,,None,,,,,,,,,,,,,,,,,,,,,,,,,,1000,,,,,,,,,,,,,,,,,,auto,,,None,,,,,,,,,,,,,,,,,,,,,,l2,,,,,,,,,,,,,,None,,,,,,,,,,,,,,,,,,,,,,newton-cg,,,,,,,,1000,,,,0.0001,,,,,,,,,,,,,,,,,,,,,,0,,,False,,,,0.8588172043010752,0.8565659916279111,,0.8438206256690853,0.8711861081134111,576,737,0.8602959010429299,0.8576395595904964,0.8279645191409897,0.8851674641148325,3547,,4440,,,,
2023-11-27 15:34:27,1.2min,5d951b0f4c6e4ebb87f531cab0f2e97b,XGBClassifier_split_T_spel_T_stem_20000,LOCAL,d:\anaconda\Lib\site-packages\ipykernel_launcher.py,aleksa.milenovic,FINISHED,,,,,,,,,,,,None,,,,None,,,None,,,,,None,None,None,,,split_T_spel_T_stem.csv,,,,,,,,,,,,,None,,,,,,,,,,None,False,,,,,None,,,,None,,,,,,,,,,,,,,None,,,,,,None,,,,,,,,,,,,None,,,,None,,,,,,,,,,,None,,,,,,,,,,,,,,None,None,None,None,None,,,,,None,,,,,,None,,,,,,nan,,None,,,None,None,None,,,,,,,,None,,,binary:logistic,,,,,,,,,,,,,,,,,,,,,,,,,None,,None,None,,,,,,,,,None,,,,,,None,,,,,,None,,,,,,20000,,,,,,,,,,,,,,,,None,,,,,,,,,None,,None,,,,,,0.8572043010752688,0.8543213537408584,,0.8406527477801776,0.8706409507110852,547,781,0.8649382716049383,0.8512380952380952,0.8176937441643324,0.8909489633173844,3503,,4469,,,,
2023-11-27 15:30:29,1.3min,47ed489e3b4d45e09fa60f1288b1c8d4,XGBClassifier_split_T_spel_T_lem_15000,LOCAL,d:\anaconda\Lib\site-packages\ipykernel_launcher.py,aleksa.milenovic,FINISHED,,,,,,,,,,,,None,,,,None,,,None,,,,,None,None,None,,,split_T_spel_T_lem.csv,,,,,,,,,,,,,None,,,,,,,,,,None,False,,,,,None,,,,None,,,,,,,,,,,,,,None,,,,,,None,,,,,,,,,,,,None,,,,None,,,,,,,,,,,None,,,,,,,,,,,,,,None,None,None,None,None,,,,,None,,,,,,None,,,,,,nan,,None,,,None,None,None,,,,,,,,None,,,binary:logistic,,,,,,,,,,,,,,,,,,,,,,,,,None,,None,None,,,,,,,,,None,,,,,,None,,,,,,None,,,,,,15000,,,,,,,,,,,,,,,,None,,,,,,,,,None,,None,,,,,,0.8530107526881721,0.8502805029507816,,0.8363853979652902,0.8665690580771108,577,790,0.8582657823630557,0.8489194874737044,0.8155929038281979,0.8849681020733652,3494,,4439,,,,
2023-11-27 15:33:08,1.2min,444fe668b9874918a57c462a6d534ea1,XGBClassifier_split_T_spel_T_stem_15000,LOCAL,d:\anaconda\Lib\site-packages\ipykernel_launcher.py,aleksa.milenovic,FINISHED,,,,,,,,,,,,None,,,,None,,,None,,,,,None,None,None,,,split_T_spel_T_stem.csv,,,,,,,,,,,,,None,,,,,,,,,,None,False,,,,,None,,,,None,,,,,,,,,,,,,,None,,,,,,None,,,,,,,,,,,,None,,,,None,,,,,,,,,,,None,,,,,,,,,,,,,,None,None,None,None,None,,,,,None,,,,,,None,,,,,,nan,,None,,,None,None,None,,,,,,,,None,,,binary:logistic,,,,,,,,,,,,,,,,,,,,,,,,,None,,None,None,,,,,,,,,None,,,,,,None,,,,,,None,,,,,,15000,,,,,,,,,,,,,,,,None,,,,,,,,,None,,None,,,,,,0.8530107526881721,0.8502634706195078,,0.8363462229139231,0.8665951010051722,576,791,0.8584418776112067,0.8487860829669279,0.815359477124183,0.8851674641148325,3493,,4440,,,,
2023-11-27 15:31:52,1.2min,5fad66adff3a4bcfadb8d7572a95a945,XGBClassifier_split_T_spel_T_lem_20000,LOCAL,d:\anaconda\Lib\site-packages\ipykernel_launcher.py,aleksa.milenovic,FINISHED,,,,,,,,,,,,None,,,,None,,,None,,,,,None,None,None,,,split_T_spel_T_lem.csv,,,,,,,,,,,,,None,,,,,,,,,,None,False,,,,,None,,,,None,,,,,,,,,,,,,,None,,,,,,None,,,,,,,,,,,,None,,,,None,,,,,,,,,,,None,,,,,,,,,,,,,,None,None,None,None,None,,,,,None,,,,,,None,,,,,,nan,,None,,,None,None,None,,,,,,,,None,,,binary:logistic,,,,,,,,,,,,,,,,,,,,,,,,,None,,None,None,,,,,,,,,None,,,,,,None,,,,,,None,,,,,,20000,,,,,,,,,,,,,,,,None,,,,,,,,,None,,None,,,,,,0.8530107526881721,0.8502123736256864,,0.8362285851204025,0.8666731688286355,573,794,0.8589712035441792,0.8483864808096239,0.8146591970121382,0.8857655502392344,3490,,4443,,,,
2023-11-27 15:22:58,1.2min,f8ee908035b84cf3b842bfe33d597588,XGBClassifier_split_F_spel_T_stem_15000,LOCAL,d:\anaconda\Lib\site-packages\ipykernel_launcher.py,aleksa.milenovic,FINISHED,,,,,,,,,,,,None,,,,None,,,None,,,,,None,None,None,,,split_F_spel_T_stem.csv,,,,,,,,,,,,,None,,,,,,,,,,None,False,,,,,None,,,,None,,,,,,,,,,,,,,None,,,,,,None,,,,,,,,,,,,None,,,,None,,,,,,,,,,,None,,,,,,,,,,,,,,None,None,None,None,None,,,,,None,,,,,,None,,,,,,nan,,None,,,None,None,None,,,,,,,,None,,,binary:logistic,,,,,,,,,,,,,,,,,,,,,,,,,None,,None,None,,,,,,,,,None,,,,,,None,,,,,,None,,,,,,15000,,,,,,,,,,,,,,,,None,,,,,,,,,None,,None,,,,,,0.8525806451612903,0.8497284878863827,,0.8356312192782639,0.866361243785944,572,799,0.859009120039438,0.8476063322525271,0.8134920634920635,0.8859649122807017,3485,,4444,,,,
2023-11-27 15:29:16,1.1min,d256e39e718c4f4e95246f52c127e9e5,XGBClassifier_split_T_spel_F_stem_20000,LOCAL,d:\anaconda\Lib\site-packages\ipykernel_launcher.py,aleksa.milenovic,FINISHED,,,,,,,,,,,,None,,,,None,,,None,,,,,None,None,None,,,split_T_spel_F_stem.csv,,,,,,,,,,,,,None,,,,,,,,,,None,False,,,,,None,,,,None,,,,,,,,,,,,,,None,,,,,,None,,,,,,,,,,,,None,,,,None,,,,,,,,,,,None,,,,,,,,,,,,,,None,None,None,None,None,,,,,None,,,,,,None,,,,,,nan,,None,,,None,None,None,,,,,,,,None,,,binary:logistic,,,,,,,,,,,,,,,,,,,,,,,,,None,,None,None,,,,,,,,,None,,,,,,None,,,,,,None,,,,,,20000,,,,,,,,,,,,,,,,None,,,,,,,,,None,,None,,,,,,0.8523655913978495,0.8496824168263797,,0.835785193158713,0.8659048735228049,583,790,0.8570026980623007,0.848745931457017,0.8155929038281979,0.8837719298245614,3494,,4433,,,,
2023-11-27 15:28:04,1.1min,4b08270369394bce8be317128f3672d2,XGBClassifier_split_T_spel_F_stem_15000,LOCAL,d:\anaconda\Lib\site-packages\ipykernel_launcher.py,aleksa.milenovic,FINISHED,,,,,,,,,,,,None,,,,None,,,None,,,,,None,None,None,,,split_T_spel_F_stem.csv,,,,,,,,,,,,,None,,,,,,,,,,None,False,,,,,None,,,,None,,,,,,,,,,,,,,None,,,,,,None,,,,,,,,,,,,None,,,,None,,,,,,,,,,,None,,,,,,,,,,,,,,None,None,None,None,None,,,,,None,,,,,,None,,,,,,nan,,None,,,None,None,None,,,,,,,,None,,,binary:logistic,,,,,,,,,,,,,,,,,,,,,,,,,None,,None,None,,,,,,,,,None,,,,,,None,,,,,,None,,,,,,15000,,,,,,,,,,,,,,,,None,,,,,,,,,None,,None,,,,,,0.8524731182795698,0.8495777098718276,,0.8354126679462571,0.8663289166017147,570,802,0.8593287265547878,0.8471798780487805,0.8127917833800187,0.8863636363636364,3482,,4446,,,,
2023-11-27 15:26:45,1.2min,19f19a46c04e4a98924d3653a8df9455,XGBClassifier_split_T_spel_F_lem_20000,LOCAL,d:\anaconda\Lib\site-packages\ipykernel_launcher.py,aleksa.milenovic,FINISHED,,,,,,,,,,,,None,,,,None,,,None,,,,,None,None,None,,,split_T_spel_F_lem.csv,,,,,,,,,,,,,None,,,,,,,,,,None,False,,,,,None,,,,None,,,,,,,,,,,,,,None,,,,,,None,,,,,,,,,,,,None,,,,None,,,,,,,,,,,None,,,,,,,,,,,,,,None,None,None,None,None,,,,,None,,,,,,None,,,,,,nan,,None,,,None,None,None,,,,,,,,None,,,binary:logistic,,,,,,,,,,,,,,,,,,,,,,,,,None,,None,None,,,,,,,,,None,,,,,,None,,,,,,None,,,,,,20000,,,,,,,,,,,,,,,,None,,,,,,,,,None,,None,,,,,,0.8524731182795698,0.8495266128780061,,0.8352941176470589,0.8664070107108082,567,805,0.8598615916955017,0.8467834031214313,0.8120915032679739,0.8869617224880383,3479,,4449,,,,
2023-11-27 15:24:14,1.2min,75edfea881ec46339111e2fbda7898d1,XGBClassifier_split_F_spel_T_stem_20000,LOCAL,d:\anaconda\Lib\site-packages\ipykernel_launcher.py,aleksa.milenovic,FINISHED,,,,,,,,,,,,None,,,,None,,,None,,,,,None,None,None,,,split_F_spel_T_stem.csv,,,,,,,,,,,,,None,,,,,,,,,,None,False,,,,,None,,,,None,,,,,,,,,,,,,,None,,,,,,None,,,,,,,,,,,,None,,,,None,,,,,,,,,,,None,,,,,,,,,,,,,,None,None,None,None,None,,,,,None,,,,,,None,,,,,,nan,,None,,,None,None,None,,,,,,,,None,,,binary:logistic,,,,,,,,,,,,,,,,,,,,,,,,,None,,None,None,,,,,,,,,None,,,,,,None,,,,,,None,,,,,,20000,,,,,,,,,,,,,,,,None,,,,,,,,,None,,None,,,,,,0.8510752688172043,0.8484351475837544,,0.834468746265089,0.8646535717775823,592,793,0.855008572128337,0.847996933103316,0.8148926237161531,0.8819776714513556,3491,,4424,,,,
2023-11-27 15:25:30,1.2min,6ee5496ec98d4c94a478f0b9d08c795e,XGBClassifier_split_T_spel_F_lem_15000,LOCAL,d:\anaconda\Lib\site-packages\ipykernel_launcher.py,aleksa.milenovic,FINISHED,,,,,,,,,,,,None,,,,None,,,None,,,,,None,None,None,,,split_T_spel_F_lem.csv,,,,,,,,,,,,,None,,,,,,,,,,None,False,,,,,None,,,,None,,,,,,,,,,,,,,None,,,,,,None,,,,,,,,,,,,None,,,,None,,,,,,,,,,,None,,,,,,,,,,,,,,None,None,None,None,None,,,,,None,,,,,,None,,,,,,nan,,None,,,None,None,None,,,,,,,,None,,,binary:logistic,,,,,,,,,,,,,,,,,,,,,,,,,None,,None,None,,,,,,,,,None,,,,,,None,,,,,,None,,,,,,15000,,,,,,,,,,,,,,,,None,,,,,,,,,None,,None,,,,,,0.8511827956989247,0.8481090203226427,,0.8335738335738336,0.8654220147802412,566,818,0.8596230158730159,0.8447228549734245,0.8090569561157797,0.8871610845295056,3466,,4450,,,,
2023-11-27 15:18:58,1.3min,c2b3ac1b64fa41a1aa4d1d72961cd57b,XGBClassifier_split_F_spel_F_stem_20000,LOCAL,d:\anaconda\Lib\site-packages\ipykernel_launcher.py,aleksa.milenovic,FINISHED,,,,,,,,,,,,None,,,,None,,,None,,,,,None,None,None,,,split_F_spel_F_stem.csv,,,,,,,,,,,,,None,,,,,,,,,,None,False,,,,,None,,,,None,,,,,,,,,,,,,,None,,,,,,None,,,,,,,,,,,,None,,,,None,,,,,,,,,,,None,,,,,,,,,,,,,,None,None,None,None,None,,,,,None,,,,,,None,,,,,,nan,,None,,,None,None,None,,,,,,,,None,,,binary:logistic,,,,,,,,,,,,,,,,,,,,,,,,,None,,None,None,,,,,,,,,None,,,,,,None,,,,,,None,,,,,,20000,,,,,,,,,,,,,,,,None,,,,,,,,,None,,None,,,,,,0.8508602150537634,0.8480313975670013,,0.8337926902336729,0.864748902974159,582,805,0.8566855454321596,0.8463447222752434,0.8120915032679739,0.8839712918660287,3479,,4434,,,,
2023-11-27 15:21:35,1.3min,e50f481130e942bebc6870450b0c56b9,XGBClassifier_split_F_spel_T_lem_20000,LOCAL,d:\anaconda\Lib\site-packages\ipykernel_launcher.py,aleksa.milenovic,FINISHED,,,,,,,,,,,,None,,,,None,,,None,,,,,None,None,None,,,split_F_spel_T_lem.csv,,,,,,,,,,,,,None,,,,,,,,,,None,False,,,,,None,,,,None,,,,,,,,,,,,,,None,,,,,,None,,,,,,,,,,,,None,,,,None,,,,,,,,,,,None,,,,,,,,,,,,,,None,None,None,None,None,,,,,None,,,,,,None,,,,,,nan,,None,,,None,None,None,,,,,,,,None,,,binary:logistic,,,,,,,,,,,,,,,,,,,,,,,,,None,,None,None,,,,,,,,,None,,,,,,None,,,,,,None,,,,,,20000,,,,,,,,,,,,,,,,None,,,,,,,,,None,,None,,,,,,0.8495698924731183,0.8468181929869236,,0.832555356074207,0.8634455832113226,593,806,0.8543355440923606,0.8458596289921592,0.8118580765639589,0.8817783094098883,3478,,4423,,,,
2023-11-27 15:16:16,1.3min,92d1f7d417ab45d3b937b338527a25a8,XGBClassifier_split_F_spel_F_lem_20000,LOCAL,d:\anaconda\Lib\site-packages\ipykernel_launcher.py,aleksa.milenovic,FINISHED,,,,,,,,,,,,None,,,,None,,,None,,,,,None,None,None,,,split_F_spel_F_lem.csv,,,,,,,,,,,,,None,,,,,,,,,,None,False,,,,,None,,,,None,,,,,,,,,,,,,,None,,,,,,None,,,,,,,,,,,,None,,,,None,,,,,,,,,,,None,,,,,,,,,,,,,,None,None,None,None,None,,,,,None,,,,,,None,,,,,,nan,,None,,,None,None,None,,,,,,,,None,,,binary:logistic,,,,,,,,,,,,,,,,,,,,,,,,,None,,None,None,,,,,,,,,None,,,,,,None,,,,,,None,,,,,,20000,,,,,,,,,,,,,,,,None,,,,,,,,,None,,None,,,,,,0.8491397849462365,0.8462661779225247,,0.8317947488310753,0.8632420313870748,588,815,0.8550653192013803,0.8445546442876216,0.8097572362278245,0.8827751196172249,3469,,4428,,,,
2023-11-27 15:17:39,1.2min,bd06b51b8341436ebc11405ac2f3bb30,XGBClassifier_split_F_spel_F_stem_15000,LOCAL,d:\anaconda\Lib\site-packages\ipykernel_launcher.py,aleksa.milenovic,FINISHED,,,,,,,,,,,,None,,,,None,,,None,,,,,None,None,None,,,split_F_spel_F_stem.csv,,,,,,,,,,,,,None,,,,,,,,,,None,False,,,,,None,,,,None,,,,,,,,,,,,,,None,,,,,,None,,,,,,,,,,,,None,,,,None,,,,,,,,,,,None,,,,,,,,,,,,,,None,None,None,None,None,,,,,None,,,,,,None,,,,,,nan,,None,,,None,None,None,,,,,,,,None,,,binary:logistic,,,,,,,,,,,,,,,,,,,,,,,,,None,,None,None,,,,,,,,,None,,,,,,None,,,,,,None,,,,,,15000,,,,,,,,,,,,,,,,None,,,,,,,,,None,,None,,,,,,0.8491397849462365,0.8462491455912509,,0.8317544070032379,0.8632686872624501,587,816,0.8552404438964242,0.8444232602478551,0.8095238095238095,0.8829744816586922,3468,,4429,,,,
2023-11-27 15:14:57,1.2min,d189f9e30ff44bc98b91248540f2b021,XGBClassifier_split_F_spel_F_lem_15000,LOCAL,d:\anaconda\Lib\site-packages\ipykernel_launcher.py,aleksa.milenovic,FINISHED,,,,,,,,,,,,None,,,,None,,,None,,,,,None,None,None,,,split_F_spel_F_lem.csv,,,,,,,,,,,,,None,,,,,,,,,,None,False,,,,,None,,,,None,,,,,,,,,,,,,,None,,,,,,None,,,,,,,,,,,,None,,,,None,,,,,,,,,,,None,,,,,,,,,,,,,,None,None,None,None,None,,,,,None,,,,,,None,,,,,,nan,,None,,,None,None,None,,,,,,,,None,,,binary:logistic,,,,,,,,,,,,,,,,,,,,,,,,,None,,None,None,,,,,,,,,None,,,,,,None,,,,,,None,,,,,,15000,,,,,,,,,,,,,,,,None,,,,,,,,,None,,None,,,,,,0.8474193548387097,0.8446031522656909,,0.8300395256916997,0.8615744805384842,600,819,0.8523985239852399,0.8435530085959886,0.8088235294117647,0.8803827751196173,3465,,4416,,,,
2023-11-27 15:20:19,1.2min,99dadb5d3d184a57910b3e6ae6ec068f,XGBClassifier_split_F_spel_T_lem_15000,LOCAL,d:\anaconda\Lib\site-packages\ipykernel_launcher.py,aleksa.milenovic,FINISHED,,,,,,,,,,,,None,,,,None,,,None,,,,,None,None,None,,,split_F_spel_T_lem.csv,,,,,,,,,,,,,None,,,,,,,,,,None,False,,,,,None,,,,None,,,,,,,,,,,,,,None,,,,,,None,,,,,,,,,,,,None,,,,None,,,,,,,,,,,None,,,,,,,,,,,,,,None,None,None,None,None,,,,,None,,,,,,None,,,,,,nan,,None,,,None,None,None,,,,,,,,None,,,binary:logistic,,,,,,,,,,,,,,,,,,,,,,,,,None,,None,None,,,,,,,,,None,,,,,,None,,,,,,None,,,,,,15000,,,,,,,,,,,,,,,,None,,,,,,,,,None,,None,,,,,,0.8455913978494624,0.8429085749132188,,0.8283528568013387,0.8596834082470198,617,819,0.8488486036256737,0.8430433116136451,0.8088235294117647,0.876993620414673,3465,,4399,,,,
2023-11-27 16:36:33,56.5s,2fe5759b9a7447e789e8ce3acfab2d37,RandomForestClassifier_split_F_spel_F_lem_10000,LOCAL,d:\anaconda\Lib\site-packages\ipykernel_launcher.py,aleksa.milenovic,FINISHED,,,,,,,,,,,,,,,,,True,,,0.0,,None,,,,,gini,,split_F_spel_F_lem.csv,,,,,,,,,,,,,,,,,,,,,,,,,,,,,,,,,,,,,,,,,,,,,,,,,,,,,,,,,,,,,,,,,,,,,,,,,,,,,,,,,,,,,,,,,,,,,,,,,,15,sqrt,,,None,,,,None,,,,0.0,,1,2,0.0,,,,,,,200,None,,,,,,,,,,,,False,,,,,,,,,,,,,,,,,,,,,,,,None,,,,,,,,,,,,,,,,,,,,,,,,,,,,,,10000,,,,,,,,,,,,,,,,,,,,,,,,,,0,,,False,,,,0.816989247311828,0.8063443479465151,,0.7716049382716049,0.8473268747757446,293,1409,0.9075126262626263,0.7702217873450751,0.6711017740429505,0.9415869218500797,2875,,4723,,,,
2023-11-27 22:50:37,51.0s,ec923e52702e4cfd8dc9e040ad9454ce,RandomForestClassifier_split_F_spel_T_stem_10000,LOCAL,d:\anaconda\Lib\site-packages\ipykernel_launcher.py,aleksa.milenovic,FINISHED,,,,,,,,,,,,,,,,,True,,,0.0,,None,,,,,gini,,split_F_spel_T_stem.csv,,,,,,,,,,,,,,,,,,,,,,,,,,,,,,,,,,,,,,,,,,,,,,,,,,,,,,,,,,,,,,,,,,,,,,,,,,,,,,,,,,,,,,,,,,,,,,,,,,15,sqrt,,,None,,,,None,,,,0.0,,1,5,0.0,,,,,,,184,None,,,,,,,,,,,,False,,,,,,,,,,,,,,,,,,,,,,,,None,,,,,,,,,,,,,,,,,,,,,,,,,,,,,,10000,,,,,,,,,,,,,,,,,,,,,,,,,,0,,,False,,,,0.816236559139785,0.8055273544824628,,0.7704499664204164,0.8467951591214702,293,1416,0.9073078139829168,0.7693435412933702,0.6694677871148459,0.9415869218500797,2868,,4723,,,,
2023-11-28 02:57:06,1.0min,5467493f5206486fae077450472d62c0,RandomForestClassifier_split_T_spel_F_stem_10000,LOCAL,d:\anaconda\Lib\site-packages\ipykernel_launcher.py,aleksa.milenovic,FINISHED,,,,,,,,,,,,,,,,,False,,,0.0,,None,,,,,gini,,split_T_spel_F_stem.csv,,,,,,,,,,,,,,,,,,,,,,,,,,,,,,,,,,,,,,,,,,,,,,,,,,,,,,,,,,,,,,,,,,,,,,,,,,,,,,,,,,,,,,,,,,,,,,,,,,15,sqrt,,,None,,,,None,,,,0.0,,1,3,0.0,,,,,,,200,None,,,,,,,,,,,,False,,,,,,,,,,,,,,,,,,,,,,,,None,,,,,,,,,,,,,,,,,,,,,,,,,,,,,,10000,,,,,,,,,,,,,,,,,,,,,,,,,,0,,,False,,,,0.8148387096774193,0.8037375636059847,,0.7672972972972973,0.84625,277,1445,0.9111039794608472,0.7663324708926261,0.6626984126984127,0.9447767145135566,2839,,4739,,,,
2023-11-28 06:57:49,53.0s,989bcd39ad9e4edebd781392bc675993,RandomForestClassifier_split_T_spel_T_stem_10000,LOCAL,d:\anaconda\Lib\site-packages\ipykernel_launcher.py,aleksa.milenovic,FINISHED,,,,,,,,,,,,,,,,,True,,,0.0,,None,,,,,gini,,split_T_spel_T_stem.csv,,,,,,,,,,,,,,,,,,,,,,,,,,,,,,,,,,,,,,,,,,,,,,,,,,,,,,,,,,,,,,,,,,,,,,,,,,,,,,,,,,,,,,,,,,,,,,,,,,15,sqrt,,,None,,,,None,,,,0.0,,1,2,0.0,,,,,,,200,None,,,,,,,,,,,,False,,,,,,,,,,,,,,,,,,,,,,,,None,,,,,,,,,,,,,,,,,,,,,,,,,,,,,,10000,,,,,,,,,,,,,,,,,,,,,,,,,,0,,,False,,,,0.8144086021505377,0.8036113568234311,,0.7678859601936525,0.8453959154424937,297,1429,0.9057741116751269,0.7675666883539363,0.6664332399626517,0.9407894736842105,2855,,4719,,,,
2023-11-28 00:56:33,55.1s,3bb000a109774cf989099c9c5b509de7,RandomForestClassifier_split_T_spel_F_lem_10000,LOCAL,d:\anaconda\Lib\site-packages\ipykernel_launcher.py,aleksa.milenovic,FINISHED,,,,,,,,,,,,,,,,,True,,,0.0,,None,,,,,gini,,split_T_spel_F_lem.csv,,,,,,,,,,,,,,,,,,,,,,,,,,,,,,,,,,,,,,,,,,,,,,,,,,,,,,,,,,,,,,,,,,,,,,,,,,,,,,,,,,,,,,,,,,,,,,,,,,15,sqrt,,,None,,,,None,,,,0.0,,1,3,0.0,,,,,,,200,None,,,,,,,,,,,,False,,,,,,,,,,,,,,,,,,,,,,,,None,,,,,,,,,,,,,,,,,,,,,,,,,,,,,,10000,,,,,,,,,,,,,,,,,,,,,,,,,,0,,,False,,,,0.8129032258064516,0.8019092405702313,,0.7653088751011599,0.8444484176649383,293,1447,0.9063897763578275,0.7654781199351702,0.6622315592903828,0.9415869218500797,2837,,4723,,,,
2023-11-28 03:26:57,50.2s,4c11a559ab254e9e9e15109219da5650,RandomForestClassifier_split_T_spel_F_stem_15000,LOCAL,d:\anaconda\Lib\site-packages\ipykernel_launcher.py,aleksa.milenovic,FINISHED,,,,,,,,,,,,,,,,,True,,,0.0,,None,,,,,gini,,split_T_spel_F_stem.csv,,,,,,,,,,,,,,,,,,,,,,,,,,,,,,,,,,,,,,,,,,,,,,,,,,,,,,,,,,,,,,,,,,,,,,,,,,,,,,,,,,,,,,,,,,,,,,,,,,15,sqrt,,,None,,,,None,,,,0.0,,1,5,0.0,,,,,,,200,None,,,,,,,,,,,,False,,,,,,,,,,,,,,,,,,,,,,,,None,,,,,,,,,,,,,,,,,,,,,,,,,,,,,,15000,,,,,,,,,,,,,,,,,,,,,,,,,,0,,,False,,,,0.8129032258064516,0.8014493676258383,,0.7635869565217391,0.8451957295373665,266,1474,0.9135240572171651,0.7631748071979434,0.6559290382819795,0.946969696969697,2810,,4750,,,,
2023-11-27 20:51:11,53.8s,ab648e5bb2ad421291297fc081db7faf,RandomForestClassifier_split_F_spel_T_lem_10000,LOCAL,d:\anaconda\Lib\site-packages\ipykernel_launcher.py,aleksa.milenovic,FINISHED,,,,,,,,,,,,,,,,,True,,,0.0,,None,,,,,gini,,split_F_spel_T_lem.csv,,,,,,,,,,,,,,,,,,,,,,,,,,,,,,,,,,,,,,,,,,,,,,,,,,,,,,,,,,,,,,,,,,,,,,,,,,,,,,,,,,,,,,,,,,,,,,,,,,15,sqrt,,,None,,,,None,,,,0.0,,1,5,0.0,,,,,,,200,None,,,,,,,,,,,,False,,,,,,,,,,,,,,,,,,,,,,,,None,,,,,,,,,,,,,,,,,,,,,,,,,,,,,,10000,,,,,,,,,,,,,,,,,,,,,,,,,,0,,,False,,,,0.8117204301075269,0.8012044929614589,,0.7656270914201578,0.8426633120675713,327,1424,0.8973956699090053,0.7670538197284476,0.6676003734827264,0.9348086124401914,2860,,4689,,,,
2023-11-27 18:39:03,1.0min,1c264ba1a2fc4beeb8cad59e838ac340,RandomForestClassifier_split_F_spel_F_stem_10000,LOCAL,d:\anaconda\Lib\site-packages\ipykernel_launcher.py,aleksa.milenovic,FINISHED,,,,,,,,,,,,,,,,,False,,,0.0,,None,,,,,gini,,split_F_spel_F_stem.csv,,,,,,,,,,,,,,,,,,,,,,,,,,,,,,,,,,,,,,,,,,,,,,,,,,,,,,,,,,,,,,,,,,,,,,,,,,,,,,,,,,,,,,,,,,,,,,,,,,15,sqrt,,,None,,,,None,,,,0.0,,1,5,0.0,,,,,,,200,None,,,,,,,,,,,,False,,,,,,,,,,,,,,,,,,,,,,,,None,,,,,,,,,,,,,,,,,,,,,,,,,,,,,,10000,,,,,,,,,,,,,,,,,,,,,,,,,,0,,,False,,,,0.8123655913978495,0.8011723828287296,,0.7639020430253011,0.8443215273440985,284,1461,0.9085934985516575,0.7640884870014533,0.6589635854341737,0.9433811802232854,2823,,4732,,,,
2023-11-28 07:27:55,49.9s,cf8f512343e74002977a007c3bfdb8f7,RandomForestClassifier_split_T_spel_T_stem_15000,LOCAL,d:\anaconda\Lib\site-packages\ipykernel_launcher.py,aleksa.milenovic,FINISHED,,,,,,,,,,,,,,,,,True,,,0.0,,None,,,,,gini,,split_T_spel_T_stem.csv,,,,,,,,,,,,,,,,,,,,,,,,,,,,,,,,,,,,,,,,,,,,,,,,,,,,,,,,,,,,,,,,,,,,,,,,,,,,,,,,,,,,,,,,,,,,,,,,,,15,sqrt,,,None,,,,None,,,,0.0,,1,5,0.0,,,,,,,200,None,,,,,,,,,,,,False,,,,,,,,,,,,,,,,,,,,,,,,None,,,,,,,,,,,,,,,,,,,,,,,,,,,,,,15000,,,,,,,,,,,,,,,,,,,,,,,,,,0,,,False,,,,0.8125806451612904,0.8010992275698159,,0.7630827783063749,0.8449702036822913,266,1477,0.9134396355353075,0.7628071302392806,0.6552287581699346,0.946969696969697,2807,,4750,,,,
2023-11-28 01:27:12,53.1s,f16d603f2fa74657a57f13e73247d688,RandomForestClassifier_split_T_spel_F_lem_15000,LOCAL,d:\anaconda\Lib\site-packages\ipykernel_launcher.py,aleksa.milenovic,FINISHED,,,,,,,,,,,,,,,,,True,,,0.0,,None,,,,,gini,,split_T_spel_F_lem.csv,,,,,,,,,,,,,,,,,,,,,,,,,,,,,,,,,,,,,,,,,,,,,,,,,,,,,,,,,,,,,,,,,,,,,,,,,,,,,,,,,,,,,,,,,,,,,,,,,,15,sqrt,,,None,,,,None,,,,0.0,,1,5,0.0,,,,,,,200,None,,,,,,,,,,,,False,,,,,,,,,,,,,,,,,,,,,,,,None,,,,,,,,,,,,,,,,,,,,,,,,,,,,,,15000,,,,,,,,,,,,,,,,,,,,,,,,,,0,,,False,,,,0.8123655913978495,0.80095096252217,,0.7630685675492193,0.844681797952826,271,1474,0.9120415449529373,0.7629844026370799,0.6559290382819795,0.9459728867623605,2810,,4745,,,,
2023-11-28 05:01:36,49.7s,78b5cf9d6e9649f7b87125fbc15f5a0d,RandomForestClassifier_split_T_spel_T_lem_10000,LOCAL,d:\anaconda\Lib\site-packages\ipykernel_launcher.py,aleksa.milenovic,FINISHED,,,,,,,,,,,,,,,,,True,,,0.0,,None,,,,,gini,,split_T_spel_T_lem.csv,,,,,,,,,,,,,,,,,,,,,,,,,,,,,,,,,,,,,,,,,,,,,,,,,,,,,,,,,,,,,,,,,,,,,,,,,,,,,,,,,,,,,,,,,,,,,,,,,,15,sqrt,,,None,,,,None,,,,0.0,,1,2,0.0,,,,,,,185,None,,,,,,,,,,,,False,,,,,,,,,,,,,,,,,,,,,,,,None,,,,,,,,,,,,,,,,,,,,,,,,,,,,,,10000,,,,,,,,,,,,,,,,,,,,,,,,,,0,,,False,,,,0.8108602150537635,0.8001515598264823,,0.7638609209289838,0.8422562998834185,320,1439,0.8988941548183255,0.7654441727791361,0.6640989729225023,0.9362041467304625,2845,,4696,,,,
2023-11-27 23:20:56,51.3s,36a9e759f85f4b99b56a59dd4c7cc17f,RandomForestClassifier_split_F_spel_T_stem_15000,LOCAL,d:\anaconda\Lib\site-packages\ipykernel_launcher.py,aleksa.milenovic,FINISHED,,,,,,,,,,,,,,,,,True,,,0.0,,None,,,,,gini,,split_F_spel_T_stem.csv,,,,,,,,,,,,,,,,,,,,,,,,,,,,,,,,,,,,,,,,,,,,,,,,,,,,,,,,,,,,,,,,,,,,,,,,,,,,,,,,,,,,,,,,,,,,,,,,,,15,sqrt,,,None,,,,None,,,,0.0,,1,2,0.0,,,,,,,200,None,,,,,,,,,,,,False,,,,,,,,,,,,,,,,,,,,,,,,None,,,,,,,,,,,,,,,,,,,,,,,,,,,,,,15000,,,,,,,,,,,,,,,,,,,,,,,,,,0,,,False,,,,0.81,0.79853655975947,,0.7599510936014129,0.8427796067265771,280,1487,0.9090022749431265,0.761047726177085,0.6528944911297853,0.9441786283891547,2797,,4736,,,,
2023-11-28 08:01:27,50.3s,ace075e56c1f4046b081701c107c0eab,RandomForestClassifier_split_T_spel_T_stem_20000,LOCAL,d:\anaconda\Lib\site-packages\ipykernel_launcher.py,aleksa.milenovic,FINISHED,,,,,,,,,,,,,,,,,True,,,0.0,,None,,,,,gini,,split_T_spel_T_stem.csv,,,,,,,,,,,,,,,,,,,,,,,,,,,,,,,,,,,,,,,,,,,,,,,,,,,,,,,,,,,,,,,,,,,,,,,,,,,,,,,,,,,,,,,,,,,,,,,,,,15,sqrt,,,None,,,,None,,,,0.0,,1,2,0.0,,,,,,,200,None,,,,,,,,,,,,False,,,,,,,,,,,,,,,,,,,,,,,,None,,,,,,,,,,,,,,,,,,,,,,,,,,,,,,20000,,,,,,,,,,,,,,,,,,,,,,,,,,0,,,False,,,,0.8106451612903226,0.7985214819580144,,0.7582040367980228,0.8443933904745073,238,1523,0.9206402134044681,0.7582923345500714,0.6444911297852475,0.9525518341307815,2761,,4778,,,,
2023-11-28 05:31:06,49.6s,30e25d8b5f364ac9ad5c7154292dfc0a,RandomForestClassifier_split_T_spel_T_lem_15000,LOCAL,d:\anaconda\Lib\site-packages\ipykernel_launcher.py,aleksa.milenovic,FINISHED,,,,,,,,,,,,,,,,,True,,,0.0,,None,,,,,gini,,split_T_spel_T_lem.csv,,,,,,,,,,,,,,,,,,,,,,,,,,,,,,,,,,,,,,,,,,,,,,,,,,,,,,,,,,,,,,,,,,,,,,,,,,,,,,,,,,,,,,,,,,,,,,,,,,15,sqrt,,,None,,,,None,,,,0.0,,1,2,0.0,,,,,,,200,None,,,,,,,,,,,,False,,,,,,,,,,,,,,,,,,,,,,,,None,,,,,,,,,,,,,,,,,,,,,,,,,,,,,,15000,,,,,,,,,,,,,,,,,,,,,,,,,,0,,,False,,,,0.8098924731182796,0.7984539110700102,,0.7599130907115699,0.8426486294054824,282,1486,0.9084415584415585,0.7610932475884244,0.6531279178338002,0.94377990430622,2798,,4734,,,,
2023-11-27 19:13:56,57.1s,dad9b7e7470b4ffb99fd0165bd2f9e92,RandomForestClassifier_split_F_spel_F_stem_15000,LOCAL,d:\anaconda\Lib\site-packages\ipykernel_launcher.py,aleksa.milenovic,FINISHED,,,,,,,,,,,,,,,,,False,,,0.0,,None,,,,,gini,,split_F_spel_F_stem.csv,,,,,,,,,,,,,,,,,,,,,,,,,,,,,,,,,,,,,,,,,,,,,,,,,,,,,,,,,,,,,,,,,,,,,,,,,,,,,,,,,,,,,,,,,,,,,,,,,,15,sqrt,,,None,,,,None,,,,0.0,,3,2,0.0,,,,,,,200,None,,,,,,,,,,,,False,,,,,,,,,,,,,,,,,,,,,,,,None,,,,,,,,,,,,,,,,,,,,,,,,,,,,,,15000,,,,,,,,,,,,,,,,,,,,,,,,,,0,,,False,,,,0.8096774193548387,0.7978287407466974,,0.7580645161290321,0.8431407302375045,259,1511,0.9145778364116095,0.7589342693044033,0.6472922502334267,0.9483652312599681,2773,,4757,,,,
2023-11-27 17:04:49,50.8s,c2001fea75ee40bfb2de6e2888b7ecdd,RandomForestClassifier_split_F_spel_F_lem_15000,LOCAL,d:\anaconda\Lib\site-packages\ipykernel_launcher.py,aleksa.milenovic,FINISHED,,,,,,,,,,,,,,,,,True,,,0.0,,None,,,,,gini,,split_F_spel_F_lem.csv,,,,,,,,,,,,,,,,,,,,,,,,,,,,,,,,,,,,,,,,,,,,,,,,,,,,,,,,,,,,,,,,,,,,,,,,,,,,,,,,,,,,,,,,,,,,,,,,,,15,sqrt,,,None,,,,None,,,,0.0,,1,5,0.0,,,,,,,189,None,,,,,,,,,,,,False,,,,,,,,,,,,,,,,,,,,,,,,None,,,,,,,,,,,,,,,,,,,,,,,,,,,,,,15000,,,,,,,,,,,,,,,,,,,,,,,,,,0,,,False,,,,0.8091397849462365,0.7972281416553862,,0.7571487207552332,0.8427951465769197,258,1517,0.9147107438016528,0.7582470119521912,0.6458916900093371,0.9485645933014354,2767,,4758,,,,
2023-11-27 23:52:45,50.4s,ae4397bb5a984a44b501fdf544b1fe53,RandomForestClassifier_split_F_spel_T_stem_20000,LOCAL,d:\anaconda\Lib\site-packages\ipykernel_launcher.py,aleksa.milenovic,FINISHED,,,,,,,,,,,,,,,,,True,,,0.0,,None,,,,,gini,,split_F_spel_T_stem.csv,,,,,,,,,,,,,,,,,,,,,,,,,,,,,,,,,,,,,,,,,,,,,,,,,,,,,,,,,,,,,,,,,,,,,,,,,,,,,,,,,,,,,,,,,,,,,,,,,,15,sqrt,,,None,,,,None,,,,0.0,,1,2,0.0,,,,,,,200,None,,,,,,,,,,,,False,,,,,,,,,,,,,,,,,,,,,,,,None,,,,,,,,,,,,,,,,,,,,,,,,,,,,,,20000,,,,,,,,,,,,,,,,,,,,,,,,,,0,,,False,,,,0.8090322580645162,0.7970432989782835,,0.7567123287671234,0.8428318584070797,254,1522,0.9157824933687002,0.7577975811584978,0.6447245564892624,0.9493620414673046,2762,,4762,,,,
2023-11-28 08:33:56,47.0s,d5867231ab0d4e1d842000a7948d0755,RandomForestClassifier_split_T_spel_T_stem_25000,LOCAL,d:\anaconda\Lib\site-packages\ipykernel_launcher.py,aleksa.milenovic,FINISHED,,,,,,,,,,,,,,,,,True,,,0.0,,None,,,,,gini,,split_T_spel_T_stem.csv,,,,,,,,,,,,,,,,,,,,,,,,,,,,,,,,,,,,,,,,,,,,,,,,,,,,,,,,,,,,,,,,,,,,,,,,,,,,,,,,,,,,,,,,,,,,,,,,,,15,sqrt,,,None,,,,None,,,,0.0,,1,5,0.0,,,,,,,200,None,,,,,,,,,,,,False,,,,,,,,,,,,,,,,,,,,,,,,None,,,,,,,,,,,,,,,,,,,,,,,,,,,,,,25000,,,,,,,,,,,,,,,,,,,,,,,,,,0,,,False,,,,0.8088172043010753,0.796486257980066,,0.7550964187327824,0.8432098765432099,235,1543,0.9210349462365591,0.7560088551549652,0.6398225957049486,0.9531499202551834,2741,,4781,,,,
2023-11-27 21:19:44,50.6s,c3e61572afcb4eaa9acdf27ba3f52342,RandomForestClassifier_split_F_spel_T_lem_15000,LOCAL,d:\anaconda\Lib\site-packages\ipykernel_launcher.py,aleksa.milenovic,FINISHED,,,,,,,,,,,,,,,,,True,,,0.0,,None,,,,,gini,,split_F_spel_T_lem.csv,,,,,,,,,,,,,,,,,,,,,,,,,,,,,,,,,,,,,,,,,,,,,,,,,,,,,,,,,,,,,,,,,,,,,,,,,,,,,,,,,,,,,,,,,,,,,,,,,,15,sqrt,,,None,,,,None,,,,0.0,,1,2,0.0,,,,,,,200,None,,,,,,,,,,,,False,,,,,,,,,,,,,,,,,,,,,,,,None,,,,,,,,,,,,,,,,,,,,,,,,,,,,,,15000,,,,,,,,,,,,,,,,,,,,,,,,,,0,,,False,,,,0.8078494623655914,0.7961852603880468,,0.7565063360130807,0.8413107184086671,279,1508,0.9086743044189852,0.7585268214571658,0.6479925303454716,0.944377990430622,2776,,4737,,,,
2023-11-28 03:57:51,48.7s,7425e66c33644a3999fa7f96950af181,RandomForestClassifier_split_T_spel_F_stem_20000,LOCAL,d:\anaconda\Lib\site-packages\ipykernel_launcher.py,aleksa.milenovic,FINISHED,,,,,,,,,,,,,,,,,True,,,0.0,,None,,,,,gini,,split_T_spel_F_stem.csv,,,,,,,,,,,,,,,,,,,,,,,,,,,,,,,,,,,,,,,,,,,,,,,,,,,,,,,,,,,,,,,,,,,,,,,,,,,,,,,,,,,,,,,,,,,,,,,,,,15,sqrt,,,None,,,,None,,,,0.0,,1,2,0.0,,,,,,,192,None,,,,,,,,,,,,False,,,,,,,,,,,,,,,,,,,,,,,,None,,,,,,,,,,,,,,,,,,,,,,,,,,,,,,20000,,,,,,,,,,,,,,,,,,,,,,,,,,0,,,False,,,,0.8082795698924731,0.7961752085204098,,0.7553176890352684,0.8423937063555201,251,1532,0.9164169164169165,0.7567095442274099,0.642390289449113,0.9499601275917066,2752,,4765,,,,
2023-11-27 20:20:37,51.3s,819751664658457b8a3643959f8d7bb7,RandomForestClassifier_split_F_spel_F_stem_25000,LOCAL,d:\anaconda\Lib\site-packages\ipykernel_launcher.py,aleksa.milenovic,FINISHED,,,,,,,,,,,,,,,,,True,,,0.0,,None,,,,,gini,,split_F_spel_F_stem.csv,,,,,,,,,,,,,,,,,,,,,,,,,,,,,,,,,,,,,,,,,,,,,,,,,,,,,,,,,,,,,,,,,,,,,,,,,,,,,,,,,,,,,,,,,,,,,,,,,,15,sqrt,,,None,,,,None,,,,0.0,,1,2,0.0,,,,,,,200,None,,,,,,,,,,,,False,,,,,,,,,,,,,,,,,,,,,,,,None,,,,,,,,,,,,,,,,,,,,,,,,,,,,,,25000,,,,,,,,,,,,,,,,,,,,,,,,,,0,,,False,,,,0.8080645161290323,0.7960269434727639,,0.7553118574366003,0.8421052631578946,256,1529,0.9149784124875456,0.7568770869772619,0.6430905695611578,0.94896331738437,2755,,4760,,,,
2023-11-27 19:48:02,50.0s,087ea7b2a8e74c09b574164476f7255f,RandomForestClassifier_split_F_spel_F_stem_20000,LOCAL,d:\anaconda\Lib\site-packages\ipykernel_launcher.py,aleksa.milenovic,FINISHED,,,,,,,,,,,,,,,,,True,,,0.0,,None,,,,,gini,,split_F_spel_F_stem.csv,,,,,,,,,,,,,,,,,,,,,,,,,,,,,,,,,,,,,,,,,,,,,,,,,,,,,,,,,,,,,,,,,,,,,,,,,,,,,,,,,,,,,,,,,,,,,,,,,,15,sqrt,,,None,,,,None,,,,0.0,,1,2,0.0,,,,,,,200,None,,,,,,,,,,,,False,,,,,,,,,,,,,,,,,,,,,,,,None,,,,,,,,,,,,,,,,,,,,,,,,,,,,,,20000,,,,,,,,,,,,,,,,,,,,,,,,,,0,,,False,,,,0.807741935483871,0.7957789974043844,,0.7552026286966047,0.8417138810198299,262,1526,0.9132450331125828,0.7570063694267516,0.6437908496732027,0.9477671451355661,2758,,4754,,,,
2023-11-28 01:54:40,45.7s,b771036685f64e42a4b36970f4709ab1,RandomForestClassifier_split_T_spel_F_lem_20000,LOCAL,d:\anaconda\Lib\site-packages\ipykernel_launcher.py,aleksa.milenovic,FINISHED,,,,,,,,,,,,,,,,,True,,,0.0,,None,,,,,gini,,split_T_spel_F_lem.csv,,,,,,,,,,,,,,,,,,,,,,,,,,,,,,,,,,,,,,,,,,,,,,,,,,,,,,,,,,,,,,,,,,,,,,,,,,,,,,,,,,,,,,,,,,,,,,,,,,15,sqrt,,,None,,,,None,,,,0.0,,1,5,0.0,,,,,,,191,None,,,,,,,,,,,,False,,,,,,,,,,,,,,,,,,,,,,,,None,,,,,,,,,,,,,,,,,,,,,,,,,,,,,,20000,,,,,,,,,,,,,,,,,,,,,,,,,,0,,,False,,,,0.8081720430107527,0.7957519132054736,,0.7539310344827586,0.8428193832599119,233,1551,0.9214430209035739,0.755131038838017,0.6379551820728291,0.953548644338118,2733,,4783,,,,
2023-11-27 17:34:02,49.4s,1777f503849f43799d7d4c140bab4d88,RandomForestClassifier_split_F_spel_F_lem_20000,LOCAL,d:\anaconda\Lib\site-packages\ipykernel_launcher.py,aleksa.milenovic,FINISHED,,,,,,,,,,,,,,,,,True,,,0.0,,None,,,,,gini,,split_F_spel_F_lem.csv,,,,,,,,,,,,,,,,,,,,,,,,,,,,,,,,,,,,,,,,,,,,,,,,,,,,,,,,,,,,,,,,,,,,,,,,,,,,,,,,,,,,,,,,,,,,,,,,,,15,sqrt,,,None,,,,None,,,,0.0,,1,3,0.0,,,,,,,200,None,,,,,,,,,,,,False,,,,,,,,,,,,,,,,,,,,,,,,None,,,,,,,,,,,,,,,,,,,,,,,,,,,,,,20000,,,,,,,,,,,,,,,,,,,,,,,,,,0,,,False,,,,0.806236559139785,0.7944686247704824,,0.7540938864628821,0.8401348474095103,281,1521,0.9076872536136662,0.7568734015345269,0.6449579831932774,0.9439792663476874,2763,,4735,,,,
2023-11-28 05:59:11,44.9s,a00c590950fd45b7a70840859a221bc7,RandomForestClassifier_split_T_spel_T_lem_20000,LOCAL,d:\anaconda\Lib\site-packages\ipykernel_launcher.py,aleksa.milenovic,FINISHED,,,,,,,,,,,,,,,,,True,,,0.0,,None,,,,,gini,,split_T_spel_T_lem.csv,,,,,,,,,,,,,,,,,,,,,,,,,,,,,,,,,,,,,,,,,,,,,,,,,,,,,,,,,,,,,,,,,,,,,,,,,,,,,,,,,,,,,,,,,,,,,,,,,,15,sqrt,,,None,,,,None,,,,0.0,,1,5,0.0,,,,,,,184,None,,,,,,,,,,,,False,,,,,,,,,,,,,,,,,,,,,,,,None,,,,,,,,,,,,,,,,,,,,,,,,,,,,,,20000,,,,,,,,,,,,,,,,,,,,,,,,,,0,,,False,,,,0.8064516129032258,0.7942762431926518,,0.7527472527472527,0.8409893992932862,256,1544,0.9145527369826435,0.7550761421319797,0.6395891690009337,0.94896331738437,2740,,4760,,,,
2023-11-28 04:31:24,53.0s,d51420a7ccc4456db6f058f13c603025,RandomForestClassifier_split_T_spel_F_stem_25000,LOCAL,d:\anaconda\Lib\site-packages\ipykernel_launcher.py,aleksa.milenovic,FINISHED,,,,,,,,,,,,,,,,,True,,,0.0,,None,,,,,gini,,split_T_spel_F_stem.csv,,,,,,,,,,,,,,,,,,,,,,,,,,,,,,,,,,,,,,,,,,,,,,,,,,,,,,,,,,,,,,,,,,,,,,,,,,,,,,,,,,,,,,,,,,,,,,,,,,15,sqrt,,,None,,,,None,,,,0.0,,1,3,0.0,,,,,,,200,None,,,,,,,,,,,,False,,,,,,,,,,,,,,,,,,,,,,,,None,,,,,,,,,,,,,,,,,,,,,,,,,,,,,,25000,,,,,,,,,,,,,,,,,,,,,,,,,,0,,,False,,,,0.8063440860215054,0.7935123012522394,,0.7499652922393446,0.8419759585855927,218,1583,0.9253168893456664,0.7519197617928225,0.630485527544351,0.9565390749601276,2701,,4798,,,,
2023-11-27 21:50:39,48.3s,8723b53c1bcf4a928f1dcc99084fc47c,RandomForestClassifier_split_F_spel_T_lem_20000,LOCAL,d:\anaconda\Lib\site-packages\ipykernel_launcher.py,aleksa.milenovic,FINISHED,,,,,,,,,,,,,,,,,True,,,0.0,,None,,,,,gini,,split_F_spel_T_lem.csv,,,,,,,,,,,,,,,,,,,,,,,,,,,,,,,,,,,,,,,,,,,,,,,,,,,,,,,,,,,,,,,,,,,,,,,,,,,,,,,,,,,,,,,,,,,,,,,,,,15,sqrt,,,None,,,,None,,,,0.0,,1,5,0.0,,,,,,,200,None,,,,,,,,,,,,False,,,,,,,,,,,,,,,,,,,,,,,,None,,,,,,,,,,,,,,,,,,,,,,,,,,,,,,20000,,,,,,,,,,,,,,,,,,,,,,,,,,0,,,False,,,,0.8045161290322581,0.7920561765376006,,0.7491721854304636,0.8398520084566595,249,1569,0.9159919028340081,0.7523674242424242,0.6337535014005602,0.9503588516746412,2715,,4767,,,,
2023-11-27 22:20:21,47.3s,d914c2ac90c74de9b0e5bf639645d946,RandomForestClassifier_split_F_spel_T_lem_25000,LOCAL,d:\anaconda\Lib\site-packages\ipykernel_launcher.py,aleksa.milenovic,FINISHED,,,,,,,,,,,,,,,,,True,,,0.0,,None,,,,,gini,,split_F_spel_T_lem.csv,,,,,,,,,,,,,,,,,,,,,,,,,,,,,,,,,,,,,,,,,,,,,,,,,,,,,,,,,,,,,,,,,,,,,,,,,,,,,,,,,,,,,,,,,,,,,,,,,,15,sqrt,,,None,,,,None,,,,0.0,,1,5,0.0,,,,,,,200,None,,,,,,,,,,,,False,,,,,,,,,,,,,,,,,,,,,,,,None,,,,,,,,,,,,,,,,,,,,,,,,,,,,,,25000,,,,,,,,,,,,,,,,,,,,,,,,,,0,,,False,,,,0.8048387096774193,0.7919123789866824,,0.7476713471430557,0.840887174541948,220,1595,0.9243726366448951,0.7504302925989673,0.6276844070961718,0.956140350877193,2689,,4796,,,,
2023-11-28 00:26:07,49.5s,2fd488e7907e4149bcf3785539aff8d7,RandomForestClassifier_split_F_spel_T_stem_25000,LOCAL,d:\anaconda\Lib\site-packages\ipykernel_launcher.py,aleksa.milenovic,FINISHED,,,,,,,,,,,,,,,,,True,,,0.0,,None,,,,,gini,,split_F_spel_T_stem.csv,,,,,,,,,,,,,,,,,,,,,,,,,,,,,,,,,,,,,,,,,,,,,,,,,,,,,,,,,,,,,,,,,,,,,,,,,,,,,,,,,,,,,,,,,,,,,,,,,,15,sqrt,,,None,,,,None,,,,0.0,,1,2,0.0,,,,,,,200,None,,,,,,,,,,,,False,,,,,,,,,,,,,,,,,,,,,,,,None,,,,,,,,,,,,,,,,,,,,,,,,,,,,,,25000,,,,,,,,,,,,,,,,,,,,,,,,,,0,,,False,,,,0.8034408602150538,0.7905994933858711,,0.7462520821765685,0.8395928395928396,232,1596,0.9205479452054794,0.7498432601880878,0.6274509803921569,0.9537480063795853,2688,,4784,,,,
2023-11-27 18:03:33,44.4s,c9a30ce350c34a3cb7bf33d3a8a69d08,RandomForestClassifier_split_F_spel_F_lem_25000,LOCAL,d:\anaconda\Lib\site-packages\ipykernel_launcher.py,aleksa.milenovic,FINISHED,,,,,,,,,,,,,,,,,True,,,0.0,,None,,,,,gini,,split_F_spel_F_lem.csv,,,,,,,,,,,,,,,,,,,,,,,,,,,,,,,,,,,,,,,,,,,,,,,,,,,,,,,,,,,,,,,,,,,,,,,,,,,,,,,,,,,,,,,,,,,,,,,,,,15,sqrt,,,None,,,,None,,,,0.0,,1,5,0.0,,,,,,,181,None,,,,,,,,,,,,False,,,,,,,,,,,,,,,,,,,,,,,,None,,,,,,,,,,,,,,,,,,,,,,,,,,,,,,25000,,,,,,,,,,,,,,,,,,,,,,,,,,0,,,False,,,,0.8027956989247312,0.7897629546236358,,0.7446393762183237,0.8393764231914521,224,1610,0.9227053140096618,0.7485160887222743,0.6241830065359477,0.9553429027113237,2674,,4792,,,,
2023-11-28 06:26:18,47.7s,e3929ae6db0b44808ee1defad3647e79,RandomForestClassifier_split_T_spel_T_lem_25000,LOCAL,d:\anaconda\Lib\site-packages\ipykernel_launcher.py,aleksa.milenovic,FINISHED,,,,,,,,,,,,,,,,,True,,,0.0,,None,,,,,gini,,split_T_spel_T_lem.csv,,,,,,,,,,,,,,,,,,,,,,,,,,,,,,,,,,,,,,,,,,,,,,,,,,,,,,,,,,,,,,,,,,,,,,,,,,,,,,,,,,,,,,,,,,,,,,,,,,15,sqrt,,,None,,,,None,,,,0.0,,1,2,0.0,,,,,,,200,None,,,,,,,,,,,,False,,,,,,,,,,,,,,,,,,,,,,,,None,,,,,,,,,,,,,,,,,,,,,,,,,,,,,,25000,,,,,,,,,,,,,,,,,,,,,,,,,,0,,,False,,,,0.8020430107526881,0.7891333168035954,,0.744198971793803,0.8385512584407613,235,1606,0.9193271541366289,0.7485517457335212,0.6251167133520075,0.9531499202551834,2678,,4781,,,,
2023-11-28 02:24:11,46.0s,c8a76955e3dc4104bf1ae538c8433919,RandomForestClassifier_split_T_spel_F_lem_25000,LOCAL,d:\anaconda\Lib\site-packages\ipykernel_launcher.py,aleksa.milenovic,FINISHED,,,,,,,,,,,,,,,,,True,,,0.0,,None,,,,,gini,,split_T_spel_F_lem.csv,,,,,,,,,,,,,,,,,,,,,,,,,,,,,,,,,,,,,,,,,,,,,,,,,,,,,,,,,,,,,,,,,,,,,,,,,,,,,,,,,,,,,,,,,,,,,,,,,,15,sqrt,,,None,,,,None,,,,0.0,,1,5,0.0,,,,,,,200,None,,,,,,,,,,,,False,,,,,,,,,,,,,,,,,,,,,,,,None,,,,,,,,,,,,,,,,,,,,,,,,,,,,,,25000,,,,,,,,,,,,,,,,,,,,,,,,,,0,,,False,,,,0.8018279569892474,0.7888147284432114,,0.7434933890048713,0.8385457731055629,230,1613,0.9207169941399518,0.7479293639631193,0.6234827264239029,0.95414673046252,2671,,4786,,,,
2023-11-27 09:41:42,5.3min,ecf2b8f926d94e0fb4f254660caa2438,bert_model,LOCAL,d:\anaconda\Lib\site-packages\ipykernel_launcher.py,aleksa.milenovic,FAILED,,bert-base-cased,False,0.9,0.999,1e-08,False,['BertForMaskedLM'],0.1,False,None,,None,False,False,,,None,,,0,,None,,,,,None,imdb_dataset.csv,None,False,0,True,None,None,None,None,1800,[],None,None,,False,None,0.0,True,False,False,False,,False,,,0,None,None,0,,500,steps,None,,None,,None,None,False,auto,False,O1,[],"{'min_num_params': 0, 'xla': False, 'xla_fsdp_grad_ckpt': False}",0,None,False,,1,False,None,False,False,,auto,gelu,0.1,768,False,None,False,every_save,<HUB_TOKEN>,"{0: 'LABEL_0', 1: 'LABEL_1'}",False,,False,False,0.02,,,3072,False,False,False,,"{'LABEL_0': 0, 'LABEL_1': 1}",None,0.0,1e-12,5e-05,length,1.0,True,0,passive,warning,True,./logs,False,True,500,steps,linear,,,,,,,1.0,,,,20,512,,-1,eval_loss,,,0,,,,,bert,,,,,,,None,False,0,12,1,1,12,,1,3,,,adamw_torch,None,False,output,False,False,False,0,-1,,3,3,None,None,absolute,False,None,None,{},False,None,None,<PUSH_TO_HUB_TOKEN>,,last,,,False,True,1.0,['mlflow'],None,True,False,output,,False,True,500,steps,None,,42,None,True,,False,,None,None,1.0,None,False,,False,True,None,,50,1.0,False,None,None,None,None,False,False,None,4.35.2,,2,1.0,False,True,False,False,False,False,,,,28996,,0.0,0,0.0,0.3,0.30000000000000004,3,0.22222222222222224,0.3636363636363636,3,4,0.25,0.3333333333333333,0.2,0.4,1,7893331660800,2,0.5426458120346069,59.4589,0.505,0.202
